[{"id":"14c4e9db-13df-4256-9e84-d8bd920096b9","file_name":"15.jpg","title":"Friends","size":219186,"type":"image/jpeg","url":"https://assets-eu-01.kc-usercontent.com/e10d7fbd-315f-01e2-20a5-e067cdf43f2f/b49bb7a2-3236-40ef-b519-de8f9ad058a1/15.jpg","image_width":1350,"image_height":900,"file_reference":{"id":"b49bb7a2-3236-40ef-b519-de8f9ad058a1","type":"internal"},"descriptions":[{"language":{"id":"00000000-0000-0000-0000-000000000000"},"description":"Start the adventure today!"}],"last_modified":"2020-11-20T15:11:58.3136888Z"},{"id":"169b96dd-0fec-4f81-aa23-e82504d0d897","file_name":"sal.jpg","title":null,"size":2733,"type":"image/jpeg","url":"https://assets-eu-01.kc-usercontent.com/e10d7fbd-315f-01e2-20a5-e067cdf43f2f/5c70abed-5e7b-4926-9b86-9823de5aa808/sal.jpg","image_width":80,"image_height":80,"file_reference":{"id":"5c70abed-5e7b-4926-9b86-9823de5aa808","type":"internal"},"descriptions":[{"language":{"id":"00000000-0000-0000-0000-000000000000"},"description":null}],"last_modified":"2020-11-09T20:04:26.1508856Z"},{"id":"29295fe8-bc49-49c9-b1b1-3cf8ba52fda8","file_name":"2.jpg","title":"Paris","size":164190,"type":"image/jpeg","url":"https://assets-eu-01.kc-usercontent.com/e10d7fbd-315f-01e2-20a5-e067cdf43f2f/cfa48a83-2d64-4eb4-9793-45c5ecb7a670/2.jpg","image_width":1350,"image_height":900,"file_reference":{"id":"cfa48a83-2d64-4eb4-9793-45c5ecb7a670","type":"internal"},"descriptions":[{"language":{"id":"00000000-0000-0000-0000-000000000000"},"description":"Outdoors with friends"}],"last_modified":"2020-11-20T15:17:20.3939767Z"},{"id":"29a8895a-9598-4557-a26b-ecb8596233f5","file_name":"17.jpg","title":"Airport","size":150812,"type":"image/jpeg","url":"https://assets-eu-01.kc-usercontent.com/e10d7fbd-315f-01e2-20a5-e067cdf43f2f/983e34a4-95ba-4d79-ab78-1c80c775900c/17.jpg","image_width":1350,"image_height":900,"file_reference":{"id":"983e34a4-95ba-4d79-ab78-1c80c775900c","type":"internal"},"descriptions":[{"language":{"id":"00000000-0000-0000-0000-000000000000"},"description":"We almost missed our flight"}],"last_modified":"2020-11-19T20:24:44.4024867Z"},{"id":"40ba36c8-e92f-44a6-aaf9-ff411bc38c76","file_name":"16.jpg","title":"Sahara","size":288783,"type":"image/jpeg","url":"https://assets-eu-01.kc-usercontent.com/e10d7fbd-315f-01e2-20a5-e067cdf43f2f/1f02f655-c92a-4eeb-b45c-3a1904b8a4a6/16.jpg","image_width":1350,"image_height":900,"file_reference":{"id":"1f02f655-c92a-4eeb-b45c-3a1904b8a4a6","type":"internal"},"descriptions":[{"language":{"id":"00000000-0000-0000-0000-000000000000"},"description":"The Sahara trail"}],"last_modified":"2020-11-20T15:14:11.9749367Z"},{"id":"4fe3f034-1403-4509-a328-30d1efe44053","file_name":"pexels-karolina-grabowska-5908815 (1).jpg","title":null,"size":282066,"type":"image/jpeg","url":"https://assets-eu-01.kc-usercontent.com/e10d7fbd-315f-01e2-20a5-e067cdf43f2f/aaff4177-6d71-4e83-8c5f-4b0b7e243996/pexels-karolina-grabowska-5908815%20%281%29.jpg","image_width":2500,"image_height":1480,"file_reference":{"id":"aaff4177-6d71-4e83-8c5f-4b0b7e243996","type":"internal"},"descriptions":[{"language":{"id":"00000000-0000-0000-0000-000000000000"},"description":"Photo by Karolina Grabowska from Pexels"}],"last_modified":"2020-11-24T15:55:19.6586376Z"},{"id":"58224b70-2434-461a-a264-1864de0a72e1","file_name":"9.jpg","title":"London","size":353404,"type":"image/jpeg","url":"https://assets-eu-01.kc-usercontent.com/e10d7fbd-315f-01e2-20a5-e067cdf43f2f/bff4df1e-dae6-4515-931b-0dcf15d98f7f/9.jpg","image_width":1349,"image_height":901,"file_reference":{"id":"bff4df1e-dae6-4515-931b-0dcf15d98f7f","type":"internal"},"descriptions":[{"language":{"id":"00000000-0000-0000-0000-000000000000"},"description":"The Queen's Guard"}],"last_modified":"2020-11-20T15:07:43.2664015Z"},{"id":"6a88c3ce-1881-4b95-bdc9-dcdd7e7a8406","file_name":"rating.png","title":"Rating in Kontent","size":2754,"type":"image/png","url":"https://assets-eu-01.kc-usercontent.com/e10d7fbd-315f-01e2-20a5-e067cdf43f2f/2f42ec19-aee1-4a21-af56-be10b19ebdb8/rating.png","image_width":237,"image_height":88,"file_reference":{"id":"2f42ec19-aee1-4a21-af56-be10b19ebdb8","type":"internal"},"descriptions":[{"language":{"id":"00000000-0000-0000-0000-000000000000"},"description":"Specify the rating in Kontent"}],"last_modified":"2020-11-18T22:16:14.7697246Z"},{"id":"6e285dc3-128e-49e6-a441-2efba207f2ad","file_name":"sal.jpg","title":null,"size":2733,"type":"image/jpeg","url":"https://assets-eu-01.kc-usercontent.com/e10d7fbd-315f-01e2-20a5-e067cdf43f2f/66a07ddb-1df3-4f1a-8e20-f7b3031ee1f7/sal.jpg","image_width":80,"image_height":80,"file_reference":{"id":"66a07ddb-1df3-4f1a-8e20-f7b3031ee1f7","type":"internal"},"descriptions":[{"language":{"id":"00000000-0000-0000-0000-000000000000"},"description":null}],"last_modified":"2020-11-09T20:04:24.3383746Z"},{"id":"6e3d34b9-4e80-40f0-9776-cd995bf570d5","file_name":"1.jpg","title":"The observer","size":242825,"type":"image/jpeg","url":"https://assets-eu-01.kc-usercontent.com/e10d7fbd-315f-01e2-20a5-e067cdf43f2f/50eb09c4-dbdc-4a5e-9c17-51c22032530f/1.jpg","image_width":1350,"image_height":900,"file_reference":{"id":"50eb09c4-dbdc-4a5e-9c17-51c22032530f","type":"internal"},"descriptions":[{"language":{"id":"00000000-0000-0000-0000-000000000000"},"description":"Take the time to truly experience art"}],"last_modified":"2020-11-18T21:30:58.3221023Z"},{"id":"71b06360-ef2b-406d-9c51-aac00d79848c","file_name":"photo-1559925393-8be0ec4767c8.jfif","title":"Espresso café","size":974598,"type":"image/jpeg","url":"https://assets-eu-01.kc-usercontent.com/e10d7fbd-315f-01e2-20a5-e067cdf43f2f/a7e20572-9b5a-4347-bf77-ebb31cac11a7/photo-1559925393-8be0ec4767c8.jfif","image_width":2500,"image_height":1667,"file_reference":{"id":"a7e20572-9b5a-4347-bf77-ebb31cac11a7","type":"internal"},"descriptions":[{"language":{"id":"00000000-0000-0000-0000-000000000000"},"description":"Credits: Unsplashed images"}],"last_modified":"2020-11-20T15:04:51.3478191Z"},{"id":"78b70958-077f-4f76-a479-310cbebef856","file_name":"avatar.png","title":null,"size":24906,"type":"image/png","url":"https://assets-eu-01.kc-usercontent.com/e10d7fbd-315f-01e2-20a5-e067cdf43f2f/10115e4a-f304-4f3e-beb1-c9241a9525fd/avatar.png","image_width":300,"image_height":300,"file_reference":{"id":"10115e4a-f304-4f3e-beb1-c9241a9525fd","type":"internal"},"descriptions":[{"language":{"id":"00000000-0000-0000-0000-000000000000"},"description":null}],"last_modified":"2020-11-09T20:07:13.7690568Z"},{"id":"85c389bf-1d63-4b1f-af31-e378296bcee5","file_name":"11.jpg","title":"Film set","size":175722,"type":"image/jpeg","url":"https://assets-eu-01.kc-usercontent.com/e10d7fbd-315f-01e2-20a5-e067cdf43f2f/4ae1acab-7ed6-4c3c-af60-b7ee94c5e7e4/11.jpg","image_width":1350,"image_height":900,"file_reference":{"id":"4ae1acab-7ed6-4c3c-af60-b7ee94c5e7e4","type":"internal"},"descriptions":[{"language":{"id":"00000000-0000-0000-0000-000000000000"},"description":"Actress in front of  a camera"}],"last_modified":"2020-11-18T22:12:18.0261153Z"},{"id":"8cb1d3c3-229c-453e-a851-8921b6f96934","file_name":"screenshot.jpg","title":"Screenshot","size":426019,"type":"image/jpeg","url":"https://assets-eu-01.kc-usercontent.com/e10d7fbd-315f-01e2-20a5-e067cdf43f2f/5e6d7c16-07cd-491c-a67c-96ec63ca3d1e/screenshot.jpg","image_width":1664,"image_height":2389,"file_reference":{"id":"5e6d7c16-07cd-491c-a67c-96ec63ca3d1e","type":"internal"},"descriptions":[{"language":{"id":"00000000-0000-0000-0000-000000000000"},"description":"A full page screenshot of the Memoirs theme"}],"last_modified":"2020-11-18T19:54:05.7592283Z"},{"id":"a22bdce7-3f94-4983-b67f-52c9ef691ce7","file_name":"3.jpg","title":"Latte boosts productivity","size":250165,"type":"image/jpeg","url":"https://assets-eu-01.kc-usercontent.com/e10d7fbd-315f-01e2-20a5-e067cdf43f2f/37ee1dbf-a4ea-4ef6-b2b0-5dad7fbdd105/3.jpg","image_width":1350,"image_height":900,"file_reference":{"id":"37ee1dbf-a4ea-4ef6-b2b0-5dad7fbdd105","type":"internal"},"descriptions":[{"language":{"id":"00000000-0000-0000-0000-000000000000"},"description":"Latte is known to boost productivity"}],"last_modified":"2020-11-09T20:18:12.743783Z"},{"id":"b921df44-f649-41e4-8345-7817df9f041d","file_name":"kontent-insert-spoiler.png","title":null,"size":23376,"type":"image/png","url":"https://assets-eu-01.kc-usercontent.com/e10d7fbd-315f-01e2-20a5-e067cdf43f2f/a08ace80-e63a-4e86-8666-8e8a2a2835b3/kontent-insert-spoiler.png","image_width":563,"image_height":229,"file_reference":{"id":"a08ace80-e63a-4e86-8666-8e8a2a2835b3","type":"internal"},"descriptions":[{"language":{"id":"00000000-0000-0000-0000-000000000000"},"description":null}],"last_modified":"2020-11-20T14:04:50.983049Z"},{"id":"f660ea63-c226-4388-b8dc-71d7c4a63b2f","file_name":"7.jpg","title":"Culinary arts","size":199075,"type":"image/jpeg","url":"https://assets-eu-01.kc-usercontent.com/e10d7fbd-315f-01e2-20a5-e067cdf43f2f/062d85ef-7167-46c8-8adf-264e98370b4d/7.jpg","image_width":1350,"image_height":901,"file_reference":{"id":"062d85ef-7167-46c8-8adf-264e98370b4d","type":"internal"},"descriptions":[{"language":{"id":"00000000-0000-0000-0000-000000000000"},"description":"Exquisite patisserie"}],"last_modified":"2020-11-18T21:25:05.5771838Z"},{"id":"f6ca1f8c-512d-4af3-b93b-bfbdaee02e8d","file_name":"12.jpg","title":"Western movie set","size":293609,"type":"image/jpeg","url":"https://assets-eu-01.kc-usercontent.com/e10d7fbd-315f-01e2-20a5-e067cdf43f2f/e910468d-265c-4637-b7dc-743928b2151e/12.jpg","image_width":1267,"image_height":950,"file_reference":{"id":"e910468d-265c-4637-b7dc-743928b2151e","type":"internal"},"descriptions":[{"language":{"id":"00000000-0000-0000-0000-000000000000"},"description":"Spoilers can really ruin your day"}],"last_modified":"2020-11-20T14:06:32.2466081Z"}]