[{"id":"8be1f84e-95dd-4713-af30-86b4ecc41cd7","name":"Sal","codename":"sal","type":{"id":"e067b30a-ed52-4643-83d4-a9c36a0edab3"},"collection":{"id":"00000000-0000-0000-0000-000000000000"},"sitemap_locations":[],"last_modified":"2020-11-09T19:56:02.8604534Z"},{"id":"5b53bb7c-3f22-4c1e-8cac-7e71e69098d0","name":"Twitter","codename":"twitter","type":{"id":"bbfafa6e-a4e3-4017-801a-820a7b024dca"},"collection":{"id":"00000000-0000-0000-0000-000000000000"},"sitemap_locations":[],"last_modified":"2020-11-09T19:56:44.9431864Z"},{"id":"64cbc9fe-b0f1-4eca-8ea3-121a0b6aeeb3","name":"Web","codename":"web","type":{"id":"bbfafa6e-a4e3-4017-801a-820a7b024dca"},"collection":{"id":"00000000-0000-0000-0000-000000000000"},"sitemap_locations":[],"last_modified":"2020-11-09T20:04:52.2206259Z"},{"id":"ac68b4d0-2db5-4872-938f-47ca11852bc3","name":"John","codename":"john","type":{"id":"e067b30a-ed52-4643-83d4-a9c36a0edab3"},"collection":{"id":"00000000-0000-0000-0000-000000000000"},"sitemap_locations":[],"last_modified":"2020-11-09T20:05:55.1405598Z"},{"id":"d80e2162-2e95-408c-96e0-bc6dc7dab34a","name":"Education","codename":"education","type":{"id":"b095f140-a8ea-489f-8c7d-b82502a29a44"},"collection":{"id":"00000000-0000-0000-0000-000000000000"},"sitemap_locations":[],"last_modified":"2020-11-09T20:08:44.2677853Z"},{"id":"8a4c9b00-8e8b-44cf-9ed6-429fc50baf63","name":"About","codename":"about","type":{"id":"9e3b6a7c-8d46-43c1-9442-ed87cbaf8bc5"},"collection":{"id":"00000000-0000-0000-0000-000000000000"},"sitemap_locations":[],"last_modified":"2020-11-18T19:45:40.7561148Z"},{"id":"a20f689f-6156-46ec-a27a-50f74052347e","name":"Culinary Arts in Europe","codename":"culinary_arts_in_europe","type":{"id":"b095f140-a8ea-489f-8c7d-b82502a29a44"},"collection":{"id":"00000000-0000-0000-0000-000000000000"},"sitemap_locations":[],"last_modified":"2020-11-18T21:23:45.2957157Z"},{"id":"4d463c81-ffa3-4884-a6b7-2c1b8c524f91","name":"The Observer","codename":"the_observer","type":{"id":"b095f140-a8ea-489f-8c7d-b82502a29a44"},"collection":{"id":"00000000-0000-0000-0000-000000000000"},"sitemap_locations":[],"last_modified":"2020-11-18T21:29:22.1481312Z"},{"id":"24fe036e-c00d-4679-94b1-1d6263ed40c5","name":"Reviewing the best Oscar movies of all time","codename":"reviewing_the_best_oscar_movies_of_all_time","type":{"id":"b095f140-a8ea-489f-8c7d-b82502a29a44"},"collection":{"id":"00000000-0000-0000-0000-000000000000"},"sitemap_locations":[],"last_modified":"2020-11-18T22:10:51.7214467Z"},{"id":"b63ea74d-ca51-4f0b-a490-ef3204902498","name":"That day when we almost missed our flight","codename":"that_day_when_we_almost_missed_our_flight","type":{"id":"b095f140-a8ea-489f-8c7d-b82502a29a44"},"collection":{"id":"00000000-0000-0000-0000-000000000000"},"sitemap_locations":[],"last_modified":"2020-11-19T20:23:23.5758659Z"},{"id":"8578faa4-2f09-4e3c-bd17-ba48b18d8819","name":"Contact","codename":"contact","type":{"id":"9e3b6a7c-8d46-43c1-9442-ed87cbaf8bc5"},"collection":{"id":"00000000-0000-0000-0000-000000000000"},"sitemap_locations":[],"last_modified":"2020-11-20T10:05:03.17379Z"},{"id":"5b72c510-658b-47d3-b303-4f4215861236","name":"Spoilers Inside","codename":"spoilers_inside","type":{"id":"b095f140-a8ea-489f-8c7d-b82502a29a44"},"collection":{"id":"00000000-0000-0000-0000-000000000000"},"sitemap_locations":[],"last_modified":"2020-11-20T13:52:59.5185728Z"},{"id":"5807ba87-5c85-42e7-91fc-5490edfcc9bf","name":"Working with images","codename":"working_with_images","type":{"id":"b095f140-a8ea-489f-8c7d-b82502a29a44"},"collection":{"id":"00000000-0000-0000-0000-000000000000"},"sitemap_locations":[],"last_modified":"2020-11-20T14:48:59.2577466Z"},{"id":"1fa0747d-c129-4b45-864a-41f1c6b5dd67","name":"London","codename":"london","type":{"id":"b095f140-a8ea-489f-8c7d-b82502a29a44"},"collection":{"id":"00000000-0000-0000-0000-000000000000"},"sitemap_locations":[],"last_modified":"2020-11-20T15:05:49.7152426Z"},{"id":"dd8eecd8-10fe-4f4f-bf05-f14ee4a9accd","name":"One day we just started our adventure","codename":"one_day_we_just_started_our_adventure","type":{"id":"b095f140-a8ea-489f-8c7d-b82502a29a44"},"collection":{"id":"00000000-0000-0000-0000-000000000000"},"sitemap_locations":[],"last_modified":"2020-11-20T15:10:00.9307338Z"},{"id":"949a26bd-85ac-48bb-b2cc-98daef7fe7eb","name":"A trip into the Sahara","codename":"a_trip_into_the_sahara","type":{"id":"b095f140-a8ea-489f-8c7d-b82502a29a44"},"collection":{"id":"00000000-0000-0000-0000-000000000000"},"sitemap_locations":[],"last_modified":"2020-11-20T15:12:39.795065Z"},{"id":"3de4719b-0716-4d90-8910-9f0eb9da8f8e","name":"Les Ambassadeurs","codename":"les_ambassadeurs","type":{"id":"b095f140-a8ea-489f-8c7d-b82502a29a44"},"collection":{"id":"00000000-0000-0000-0000-000000000000"},"sitemap_locations":[],"last_modified":"2020-11-20T15:16:40.2453435Z"},{"id":"061ebbf7-b4f6-47ba-bde2-dca880a7db6a","name":"Home","codename":"home","type":{"id":"11c822a3-26d8-48fd-9d41-5a3bd8c7acd6"},"collection":{"id":"00000000-0000-0000-0000-000000000000"},"sitemap_locations":[],"last_modified":"2020-11-22T21:53:33.5554739Z"}]