[{"id":"2021e7f0-b327-4057-8f86-16831da83483","codename":"metadata","last_modified":"2020-07-12T20:15:05.5254461Z","name":"Metadata","elements":[{"guidelines":"<h1>Browser metadata</h1>\n<p>If you're interested in reading more about meta descriptions, here's a good article about that:&nbsp;<a href=\"https://www.contentkingapp.com/academy/meta-description/\">https://www.contentkingapp.com/academy/meta-description/</a>.</p>","type":"guidelines","id":"9a7885c5-5f04-4058-8baa-10316393de07","codename":"metadata__n9a7885c5_5f04_4058_8baa_10316393de07"},{"maximum_text_length":null,"name":"Meta Title","guidelines":"Length: 30–60 characters","is_required":false,"type":"text","id":"d01d5fea-d9ca-4f61-b121-a617b045fbc4","codename":"metadata__meta_title"},{"maximum_text_length":null,"name":"Meta Description","guidelines":"Length: 70–150 characters","is_required":false,"type":"text","id":"cfdc576e-d7ea-471c-a6c3-db9c32740d82","codename":"metadata__meta_description"},{"maximum_text_length":null,"name":"Meta Keywords","guidelines":null,"is_required":false,"type":"text","id":"77c4a9f2-4b0e-46a6-8a74-abdd5d2b3250","codename":"metadata__meta_keywords"},{"guidelines":"<h1>Facebook metadata</h1>\n<p>These are required Facebook metadata elements for each page:</p>\n<p>&lt;meta property=\"og:title\"&nbsp;content=\"The Open Graph title of this page\"&nbsp;/&gt;<br/>\n&lt;meta property=\"og:type\"&nbsp;content=\"website\"&nbsp;/&gt;<br/>\n&lt;meta property=\"og:url\"&nbsp;content=\"The URL of this page\"&nbsp;/&gt;<br/>\n&lt;meta property=\"og:image\"&nbsp;content=\"The URL of a descriptive image of this page\"&nbsp;/&gt;</p>\n<p>On top of that we're including:</p>\n<p>&lt;meta property=\"og:description\"&nbsp;content=\"The Open Graph description of this page\"&nbsp;/&gt;</p>\n<p>For more info about Facebook metadata elements, see&nbsp;<a href=\"http://blog.rafflecopter.com/2015/12/facebook-sharing-optimization/\">http://blog.rafflecopter.com/2015/12/facebook-sharing-optimization/</a>.</p>","type":"guidelines","id":"8742997d-8413-490b-b6fb-7684bdf04b53","codename":"metadata__n8742997d_8413_490b_b6fb_7684bdf04b53"},{"maximum_text_length":{"value":60,"applies_to":"characters"},"name":"og:title","guidelines":"Max. 60 characters","is_required":false,"type":"text","id":"aae119b9-ed63-41f1-a31a-ec6b7a8d6f47","codename":"metadata__og_title"},{"maximum_text_length":{"value":150,"applies_to":"characters"},"name":"og:description","guidelines":"Max. 150 characters","is_required":false,"type":"text","id":"fc1684d2-311d-488b-9b53-0c424f8faad6","codename":"metadata__og_description"},{"asset_count_limit":null,"maximum_file_size":2097152,"allowed_file_types":"adjustable","image_width_limit":null,"image_height_limit":null,"name":"og:image","guidelines":"Use images that are at least 1200 × 630 px for best display on high resolution devices. At the minimum, you should use images that are 600 × 315 px to display link page posts with larger images. Images may be up to 1 MB in size.","is_required":false,"type":"asset","id":"b7d59d46-b466-456f-a1ec-8b92bd3dfb22","codename":"metadata__og_image"},{"guidelines":"<h1>Twitter metadata</h1>\n<p>We're using summary_large_image card:</p>\n<p>&lt;meta name=\"twitter:card\" content=\"summary_large_image\"&gt;<br/>\n&lt;meta name=\"twitter:site\" content=\"@nytimes\"&gt;<br/>\n&lt;meta name=\"twitter:creator\" content=\"@SarahMaslinNir\"&gt;<br/>\n&lt;meta name=\"twitter:title\" content=\"Parade of Fans for Houston’s Funeral\"&gt; // <br/>\n&lt;meta name=\"twitter:description\" content=\"NEWARK - The guest list and parade of limousines with celebrities emerging from them seemed more suited to a red carpet event in Hollywood or New York than than a gritty stretch of Sussex Avenue near the former site of the James M. Baxter Terrace public housing project here.\"&gt;<br/>\n&lt;meta name=\"twitter:image\" content=\"http://graphics8.nytimes.com/images/2012/02/19/us/19whitney-span/19whitney-span-articleLarge.jpg\"&gt;</p>\n<p><br/></p>\n<p>See <a href=\"https://developer.twitter.com/en/docs/tweets/optimize-with-cards/overview/abouts-cards\">https://developer.twitter.com/en/docs/tweets/optimize-with-cards/overview/abouts-cards</a></p>","type":"guidelines","id":"f6bbda43-1aa0-4d97-9f86-9c84cf17e5f3","codename":"metadata__f6bbda43_1aa0_4d97_9f86_9c84cf17e5f3"},{"mode":"single","options":[{"id":"c915b650-f84d-4128-8451-ebe40ec401a0","codename":"summary_large_image","name":"summary_large_image"},{"id":"c0aa9cf2-bd54-47b9-a0c8-0439f177087f","codename":"summary","name":"summary"}],"name":"twitter:card","guidelines":null,"is_required":false,"type":"multiple_choice","id":"4a6fd1c4-bfd9-477c-b5b4-94dca5f6526e","codename":"metadata__twitter_card"},{"maximum_text_length":null,"name":"twitter:site","guidelines":null,"is_required":false,"type":"text","id":"baa6a2e3-aa95-4c14-9546-973e771992c5","codename":"metadata__twitter_site"},{"maximum_text_length":{"value":60,"applies_to":"characters"},"name":"twitter:creator","guidelines":null,"is_required":false,"type":"text","id":"166bb42a-52ed-48d2-957f-411619df3947","codename":"metadata__twitter_creator"},{"asset_count_limit":null,"maximum_file_size":5242880,"allowed_file_types":"adjustable","image_width_limit":null,"image_height_limit":null,"name":"twitter:image","guidelines":"Optional, will fallback to the Open Graph image if not specified.\nTwitter's recommendation: A URL to a unique image representing the content of the page. You should not use a generic image such as your website logo, author photo, or other image that spans multiple pages. Images for summary_large_image Card support an aspect ratio of 2:1 with minimum dimensions of 300x157 or maximum of 4096x4096 pixels. Images must be less than 5MB in size. JPG, PNG, WEBP and GIF formats are supported. Only the first frame of an animated GIF will be used. SVG is not supported.","is_required":false,"type":"asset","id":"81725870-07e2-4149-bb7a-6ee7e257017b","codename":"metadata__twitter_image"}]}]