[{"id":"bbfafa6e-a4e3-4017-801a-820a7b024dca","codename":"contact","last_modified":"2020-10-20T19:49:04.8290326Z","name":"Contact","content_groups":[],"elements":[{"maximum_text_length":null,"validation_regex":null,"default":null,"name":"Name","guidelines":null,"is_required":true,"is_non_localizable":false,"type":"text","id":"e1c32e06-3c32-426f-bfa1-131c3591d2e4","codename":"name"},{"maximum_text_length":null,"validation_regex":null,"default":null,"name":"Url","guidelines":null,"is_required":true,"is_non_localizable":false,"type":"text","id":"b7fc87e5-48c0-42e5-af17-39dc3c2742f5","codename":"url"},{"maximum_text_length":null,"validation_regex":null,"default":null,"name":"Icon","guidelines":null,"is_required":true,"is_non_localizable":false,"type":"text","id":"84fbc708-44c8-41d5-bd93-5922b68fdfc5","codename":"icon"}]},{"id":"b095f140-a8ea-489f-8c7d-b82502a29a44","codename":"post","last_modified":"2020-11-20T14:00:41.5569708Z","name":"Post","content_groups":[{"id":"8d1aae47-01de-4b58-a8a1-094f82185c26","name":"Content","codename":"content"},{"id":"2db43952-154c-4187-997a-6c53e2dc120b","name":"Meta","codename":"meta"}],"elements":[{"maximum_text_length":null,"validation_regex":null,"default":null,"name":"Title","guidelines":null,"is_required":true,"is_non_localizable":false,"type":"text","id":"8b767642-59a3-4ade-a501-94e3d968ec9a","codename":"title","content_group":{"id":"8d1aae47-01de-4b58-a8a1-094f82185c26"}},{"asset_count_limit":{"value":1,"condition":"exactly"},"maximum_file_size":null,"allowed_file_types":"adjustable","image_width_limit":null,"image_height_limit":null,"default":null,"name":"Image","guidelines":null,"is_required":true,"is_non_localizable":false,"type":"asset","id":"990ae3cb-1d5f-4a91-8097-f95ccd940691","codename":"image","content_group":{"id":"8d1aae47-01de-4b58-a8a1-094f82185c26"}},{"default":null,"name":"Post date","guidelines":null,"is_required":true,"is_non_localizable":false,"type":"date_time","id":"dbd087d8-3c22-4b99-a00a-212dabb68dba","codename":"post_date","content_group":{"id":"8d1aae47-01de-4b58-a8a1-094f82185c26"}},{"maximum_text_length":null,"maximum_image_size":null,"allowed_content_types":[{"id":"d543b64b-64fa-4d6a-bc78-42acff14dbff"},{"id":"a81d5ad4-7735-412a-a6bc-4ca34a5173a7"},{"id":"97f77edc-41f8-4e01-a281-44dea544511f"},{"id":"91a111f9-22b0-4a83-ad3a-653f20ae3950"}],"allowed_item_link_types":[],"image_width_limit":null,"image_height_limit":null,"allowed_image_types":"any","allowed_blocks":[],"allowed_formatting":[],"allowed_text_blocks":[],"allowed_table_blocks":["text"],"allowed_table_formatting":[],"allowed_table_text_blocks":["paragraph"],"name":"Body","guidelines":null,"is_required":true,"is_non_localizable":false,"type":"rich_text","id":"b8f8c14c-3a28-4757-8ddc-c1243f26f3c4","codename":"body","content_group":{"id":"8d1aae47-01de-4b58-a8a1-094f82185c26"}},{"default":null,"name":"Rating","guidelines":"Valid values are 1 through 5","is_required":false,"is_non_localizable":false,"type":"number","id":"b0770527-24d1-487e-ac8f-33dd2f189a22","codename":"rating","content_group":{"id":"8d1aae47-01de-4b58-a8a1-094f82185c26"}},{"mode":"multiple","options":[{"id":"31e77284-60e9-4da6-b9f9-79e3d06c8086","codename":"toc","name":"Table of Contents"},{"id":"7eb5327b-ff35-41e3-83ba-9e052bc7427d","codename":"comments","name":"Comments"},{"id":"dff0fee4-c92f-42f9-ab04-020903e1168a","codename":"imageshadow","name":"Image shadow"}],"default":null,"name":"Settings","guidelines":null,"is_required":false,"is_non_localizable":false,"type":"multiple_choice","id":"36ee20a2-00d2-4b77-8e2b-296f3eb7f2eb","codename":"settings","content_group":{"id":"8d1aae47-01de-4b58-a8a1-094f82185c26"}},{"taxonomy_group":{"id":"bb55ca53-a9d9-4820-a794-100be9a3a789"},"term_count_limit":null,"default":null,"name":"Tags","guidelines":null,"is_required":false,"is_non_localizable":false,"type":"taxonomy","id":"ad53e978-c1e0-4d23-83a9-fc091705aad9","codename":"tags","content_group":{"id":"8d1aae47-01de-4b58-a8a1-094f82185c26"}},{"taxonomy_group":{"id":"626f59d4-85f7-4a05-a851-565eb1710d87"},"term_count_limit":null,"default":null,"name":"Categories","guidelines":null,"is_required":false,"is_non_localizable":false,"type":"taxonomy","id":"efead311-e906-4006-a7dc-1b4f9941a06c","codename":"categories","content_group":{"id":"8d1aae47-01de-4b58-a8a1-094f82185c26"}},{"item_count_limit":{"value":1,"condition":"at_least"},"allowed_content_types":[{"id":"e067b30a-ed52-4643-83d4-a9c36a0edab3"}],"default":null,"name":"Author","guidelines":null,"is_required":true,"is_non_localizable":false,"type":"modular_content","id":"02b44473-0a1f-4ffc-ab35-2cd6dbfda2de","codename":"author","content_group":{"id":"8d1aae47-01de-4b58-a8a1-094f82185c26"}},{"item_count_limit":null,"allowed_content_types":[{"id":"9e3b6a7c-8d46-43c1-9442-ed87cbaf8bc5"},{"id":"b095f140-a8ea-489f-8c7d-b82502a29a44"}],"default":null,"name":"Related","guidelines":null,"is_required":false,"is_non_localizable":false,"type":"modular_content","id":"449c00ac-8e0e-4de5-8b20-dd473beba47e","codename":"related","content_group":{"id":"8d1aae47-01de-4b58-a8a1-094f82185c26"}},{"depends_on":{"snippet":{"id":"2021e7f0-b327-4057-8f86-16831da83483"},"element":{"id":"d01d5fea-d9ca-4f61-b121-a617b045fbc4"}},"validation_regex":null,"name":"URL slug","guidelines":null,"is_required":false,"is_non_localizable":false,"type":"url_slug","id":"d0b7d732-40bd-43e4-a487-7b662374ae43","codename":"url_slug","content_group":{"id":"8d1aae47-01de-4b58-a8a1-094f82185c26"}},{"snippet":{"id":"2021e7f0-b327-4057-8f86-16831da83483"},"type":"snippet","id":"5001c7c1-03b5-49bb-8ab8-3321a46ad679","codename":"metadata","content_group":{"id":"2db43952-154c-4187-997a-6c53e2dc120b"}}]},{"id":"97f77edc-41f8-4e01-a281-44dea544511f","codename":"quote","last_modified":"2020-11-20T14:14:51.0565818Z","name":"Quote","content_groups":[],"elements":[{"maximum_text_length":null,"maximum_image_size":null,"allowed_content_types":[],"allowed_item_link_types":[],"image_width_limit":null,"image_height_limit":null,"allowed_image_types":"any","allowed_blocks":["text"],"allowed_formatting":[],"allowed_text_blocks":[],"allowed_table_blocks":[],"allowed_table_formatting":[],"allowed_table_text_blocks":[],"name":"Content","guidelines":null,"is_required":true,"is_non_localizable":false,"type":"rich_text","id":"46289876-58c4-4a43-94ff-35b33b9bc642","codename":"content"},{"maximum_text_length":null,"validation_regex":null,"default":null,"name":"Attribution","guidelines":null,"is_required":false,"is_non_localizable":false,"type":"text","id":"d4f8d1a9-1733-4d70-9ed2-6ad7ce7f5a45","codename":"attribution"}]},{"id":"11c822a3-26d8-48fd-9d41-5a3bd8c7acd6","codename":"home","last_modified":"2020-11-18T19:59:23.0729288Z","name":"Home","content_groups":[{"id":"b15548ba-5474-466b-8dfb-28a772aff4d5","name":"Content","codename":"content"},{"id":"956209c4-064e-421b-834d-31eb85335769","name":"Meta","codename":"meta"}],"elements":[{"maximum_text_length":null,"maximum_image_size":null,"allowed_content_types":[],"allowed_item_link_types":[],"image_width_limit":null,"image_height_limit":null,"allowed_image_types":"any","allowed_blocks":[],"allowed_formatting":[],"allowed_text_blocks":[],"allowed_table_blocks":["text"],"allowed_table_formatting":[],"allowed_table_text_blocks":["paragraph"],"name":"Contact","guidelines":null,"is_required":false,"is_non_localizable":false,"type":"rich_text","id":"d426f958-15b0-4a05-b5e9-51665bb74765","codename":"contact","content_group":{"id":"b15548ba-5474-466b-8dfb-28a772aff4d5"}},{"depends_on":{"snippet":{"id":"2021e7f0-b327-4057-8f86-16831da83483"},"element":{"id":"d01d5fea-d9ca-4f61-b121-a617b045fbc4"}},"validation_regex":null,"name":"URL Slug","guidelines":null,"is_required":true,"is_non_localizable":false,"type":"url_slug","id":"6bb79440-13e4-4cca-bfca-93fec20c8743","codename":"url_slug","content_group":{"id":"b15548ba-5474-466b-8dfb-28a772aff4d5"}},{"snippet":{"id":"2021e7f0-b327-4057-8f86-16831da83483"},"type":"snippet","id":"72879d17-1693-4807-ace8-3fb53ea4e57a","codename":"metadata","content_group":{"id":"956209c4-064e-421b-834d-31eb85335769"}}]},{"id":"9e3b6a7c-8d46-43c1-9442-ed87cbaf8bc5","codename":"page","last_modified":"2020-11-19T20:01:44.1769038Z","name":"Page","content_groups":[{"id":"a085c005-45cc-4b00-8929-1c671ef189ee","name":"Content","codename":"content"},{"id":"6760e5eb-41f7-46e4-b1a8-2f95e25993ed","name":"Metadata","codename":"metadata"}],"elements":[{"maximum_text_length":null,"validation_regex":null,"default":null,"name":"Title","guidelines":null,"is_required":true,"is_non_localizable":false,"type":"text","id":"f88637fc-3b5f-4682-a7b2-3118bf811a6f","codename":"title","content_group":{"id":"a085c005-45cc-4b00-8929-1c671ef189ee"}},{"asset_count_limit":{"value":1,"condition":"exactly"},"maximum_file_size":null,"allowed_file_types":"adjustable","image_width_limit":null,"image_height_limit":null,"default":null,"name":"Image","guidelines":null,"is_required":true,"is_non_localizable":false,"type":"asset","id":"632e3c02-3b38-49ce-8c5b-52a2f1e921f1","codename":"image","content_group":{"id":"a085c005-45cc-4b00-8929-1c671ef189ee"}},{"maximum_text_length":null,"maximum_image_size":null,"allowed_content_types":[],"allowed_item_link_types":[],"image_width_limit":null,"image_height_limit":null,"allowed_image_types":"any","allowed_blocks":[],"allowed_formatting":[],"allowed_text_blocks":[],"allowed_table_blocks":[],"allowed_table_formatting":[],"allowed_table_text_blocks":[],"name":"Body","guidelines":null,"is_required":true,"is_non_localizable":false,"type":"rich_text","id":"ec770ca6-4b44-41ff-871f-70aa5d3be2ca","codename":"body","content_group":{"id":"a085c005-45cc-4b00-8929-1c671ef189ee"}},{"mode":"multiple","options":[{"id":"ec6befe2-43f9-4289-b881-5a6679a7e1ea","codename":"toc","name":"Table of Contents"},{"id":"df0a042b-eef5-4674-b692-0ea3681c1f5f","codename":"comments","name":"Comments"},{"id":"5a5062cf-6e37-435a-83b6-43415bdac725","codename":"imageshadow","name":"Image shadow"}],"default":null,"name":"Settings","guidelines":null,"is_required":false,"is_non_localizable":false,"type":"multiple_choice","id":"cee7fd83-6f2c-461f-bfa9-edf8fdc378df","codename":"settings","content_group":{"id":"a085c005-45cc-4b00-8929-1c671ef189ee"}},{"taxonomy_group":{"id":"bb55ca53-a9d9-4820-a794-100be9a3a789"},"term_count_limit":null,"default":null,"name":"Tags","guidelines":null,"is_required":false,"is_non_localizable":false,"type":"taxonomy","id":"6ca96fe2-adf8-4ab0-8662-79eb8d3e7674","codename":"tags","content_group":{"id":"a085c005-45cc-4b00-8929-1c671ef189ee"}},{"taxonomy_group":{"id":"626f59d4-85f7-4a05-a851-565eb1710d87"},"term_count_limit":null,"default":null,"name":"Categories","guidelines":null,"is_required":false,"is_non_localizable":false,"type":"taxonomy","id":"1d9a9765-6aad-4b61-8e64-f03d5f82d446","codename":"categories","content_group":{"id":"a085c005-45cc-4b00-8929-1c671ef189ee"}},{"item_count_limit":null,"allowed_content_types":[{"id":"9e3b6a7c-8d46-43c1-9442-ed87cbaf8bc5"},{"id":"b095f140-a8ea-489f-8c7d-b82502a29a44"}],"default":null,"name":"Related","guidelines":null,"is_required":false,"is_non_localizable":false,"type":"modular_content","id":"f907c04e-feae-45a1-9c01-c7f1aac6c110","codename":"related","content_group":{"id":"a085c005-45cc-4b00-8929-1c671ef189ee"}},{"depends_on":{"element":{"id":"f88637fc-3b5f-4682-a7b2-3118bf811a6f"}},"validation_regex":null,"name":"URL slug","guidelines":null,"is_required":true,"is_non_localizable":false,"type":"url_slug","id":"239e6651-d4be-413c-a121-27e9b6f05ceb","codename":"url_slug","content_group":{"id":"a085c005-45cc-4b00-8929-1c671ef189ee"}},{"snippet":{"id":"2021e7f0-b327-4057-8f86-16831da83483"},"type":"snippet","id":"ead7d21c-5203-4f2a-9997-4ded73c78cdb","codename":"metadata","content_group":{"id":"6760e5eb-41f7-46e4-b1a8-2f95e25993ed"}}]},{"id":"e067b30a-ed52-4643-83d4-a9c36a0edab3","codename":"author","last_modified":"2020-10-20T19:51:49.874961Z","name":"Author","content_groups":[],"elements":[{"maximum_text_length":null,"validation_regex":null,"default":null,"name":"Name","guidelines":null,"is_required":true,"is_non_localizable":false,"type":"text","id":"3520ade1-82bb-4a52-a16e-983763e82615","codename":"name"},{"maximum_text_length":null,"validation_regex":null,"default":null,"name":"Bio","guidelines":null,"is_required":true,"is_non_localizable":false,"type":"text","id":"bd540680-05a8-4901-a1d6-ffc4e8d5df74","codename":"bio"},{"asset_count_limit":{"value":1,"condition":"exactly"},"maximum_file_size":null,"allowed_file_types":"any","image_width_limit":null,"image_height_limit":null,"default":null,"name":"Avatar image","guidelines":null,"is_required":true,"is_non_localizable":false,"type":"asset","id":"17412dc4-a817-4a44-9883-3c6d90cd8179","codename":"avatar_image"},{"maximum_text_length":null,"validation_regex":null,"default":null,"name":"Email","guidelines":null,"is_required":false,"is_non_localizable":false,"type":"text","id":"b51b9a7f-352c-45dd-babb-91fe8bac163e","codename":"email"},{"item_count_limit":{"value":1,"condition":"at_least"},"allowed_content_types":[{"id":"bbfafa6e-a4e3-4017-801a-820a7b024dca"}],"default":null,"name":"Contacts","guidelines":null,"is_required":true,"is_non_localizable":false,"type":"modular_content","id":"fdc1cb84-7e9c-4ac3-8e98-42fa8ac796b1","codename":"contacts"}]},{"id":"a81d5ad4-7735-412a-a6bc-4ca34a5173a7","codename":"github_gist","last_modified":"2020-03-16T19:54:13.8520881Z","name":"Github Gist","content_groups":[{"id":"7b1cedb2-a5cc-4024-98f7-e1fc8a88b40d","name":"GitHub","codename":"github"},{"id":"84eac70c-05b5-4e50-a139-9f52e0246d67","name":"Metadata","codename":"metadata"}],"elements":[{"maximum_text_length":null,"validation_regex":null,"default":null,"name":"Account","guidelines":"The GitHub account name","is_required":true,"is_non_localizable":false,"type":"text","id":"dbdfbc14-6d1d-43a3-a7a0-724557cdb6e5","codename":"account","content_group":{"id":"7b1cedb2-a5cc-4024-98f7-e1fc8a88b40d"}},{"maximum_text_length":null,"validation_regex":null,"default":null,"name":"Gist ID","guidelines":"The ID of the Gist","is_required":true,"is_non_localizable":false,"type":"text","id":"1025e646-4039-41a7-9438-f710485c308d","codename":"gist_id","content_group":{"id":"7b1cedb2-a5cc-4024-98f7-e1fc8a88b40d"}},{"maximum_text_length":null,"validation_regex":null,"default":null,"name":"Subscript","guidelines":null,"is_required":false,"is_non_localizable":false,"type":"text","id":"d24f6f26-b1da-48f0-a4ad-74230998a488","codename":"subscript","content_group":{"id":"84eac70c-05b5-4e50-a139-9f52e0246d67"}}]},{"id":"d543b64b-64fa-4d6a-bc78-42acff14dbff","codename":"code_snippet","last_modified":"2020-11-09T20:12:30.7950535Z","name":"Code snippet","content_groups":[],"elements":[{"maximum_text_length":null,"validation_regex":null,"default":null,"name":"Code","guidelines":null,"is_required":true,"is_non_localizable":false,"type":"text","id":"cb1f2860-10d2-4342-8a1d-be56839fe52d","codename":"code"},{"mode":"single","options":[{"id":"65352f07-906c-49b8-8a36-fa283588d4aa","codename":"csharp","name":"C#"},{"id":"e900bccc-83dd-411a-93aa-7890d9cd3ea8","codename":"shell","name":"Shell"},{"id":"4ffa2377-d362-4e51-ac6e-3edc470d45bb","codename":"sql","name":"SQL"},{"id":"4a4fddc8-7825-4aa9-91a1-8e3ef4f5c2c4","codename":"typescript","name":"TypeScript"},{"id":"3fa256eb-995a-4830-a3f6-fe11db7b306e","codename":"javascript","name":"Javascript"},{"id":"ddacba77-71d9-4f60-b95a-3fd80dfcabca","codename":"xml","name":"XML"},{"id":"2b1d9b2d-4cc7-43ef-8e87-963bf3d82bbf","codename":"html","name":"HTML"},{"id":"566e28a3-ac2c-43c2-9284-6112a3e22f0e","codename":"css","name":"CSS"},{"id":"6f41ecd8-400b-45f1-afaa-883bbe0f2ceb","codename":"python","name":"Python"},{"id":"bdd4e042-42fe-43dd-a14a-ad15b70fe641","codename":"ruby","name":"Ruby"}],"default":null,"name":"Language","guidelines":null,"is_required":true,"is_non_localizable":false,"type":"multiple_choice","id":"9ecd31fd-0da4-4ed0-a632-23bbdd7b7d2f","codename":"language"}]},{"id":"91a111f9-22b0-4a83-ad3a-653f20ae3950","codename":"spoiler","last_modified":"2020-11-20T14:22:55.2140479Z","name":"Spoiler","content_groups":[],"elements":[{"maximum_text_length":null,"maximum_image_size":null,"allowed_content_types":[],"allowed_item_link_types":[],"image_width_limit":null,"image_height_limit":null,"allowed_image_types":"any","allowed_blocks":["text"],"allowed_formatting":[],"allowed_text_blocks":[],"allowed_table_blocks":[],"allowed_table_formatting":[],"allowed_table_text_blocks":[],"name":"Content","guidelines":null,"is_required":true,"is_non_localizable":false,"type":"rich_text","id":"ea61f2d6-9585-4773-97bd-efabbf52efca","codename":"content"}]}]