[{"elements":[{"element":{"id":"3520ade1-82bb-4a52-a16e-983763e82615"},"value":"Sal"},{"element":{"id":"bd540680-05a8-4901-a1d6-ffc4e8d5df74"},"value":"Author of Mediumish, a Bootstrap Medium styled template available for WordPress, HTML, Ghost and Jekyll. You are currently previewing Jekyll template demo."},{"element":{"id":"17412dc4-a817-4a44-9883-3c6d90cd8179"},"value":[{"renditions":[],"id":"6e285dc3-128e-49e6-a441-2efba207f2ad"}]},{"element":{"id":"b51b9a7f-352c-45dd-babb-91fe8bac163e"},"value":"wowthemesnet@gmail.com"},{"element":{"id":"fdc1cb84-7e9c-4ac3-8e98-42fa8ac796b1"},"value":[{"id":"64cbc9fe-b0f1-4eca-8ea3-121a0b6aeeb3"},{"id":"5b53bb7c-3f22-4c1e-8cac-7e71e69098d0"}]}],"workflow_step":{"id":"c199950d-99f0-4983-b711-6c4c91624b22"},"workflow":{"workflow_identifier":{"id":"00000000-0000-0000-0000-000000000000"},"step_identifier":{"id":"c199950d-99f0-4983-b711-6c4c91624b22"}},"item":{"id":"8be1f84e-95dd-4713-af30-86b4ecc41cd7"},"language":{"id":"00000000-0000-0000-0000-000000000000"},"last_modified":"2020-11-18T22:49:19.8958899Z"},{"elements":[{"element":{"id":"e1c32e06-3c32-426f-bfa1-131c3591d2e4"},"value":"Twitter"},{"element":{"id":"b7fc87e5-48c0-42e5-af17-39dc3c2742f5"},"value":"https://twitter.com/wowthemesnet"},{"element":{"id":"84fbc708-44c8-41d5-bd93-5922b68fdfc5"},"value":"twitter"}],"workflow_step":{"id":"c199950d-99f0-4983-b711-6c4c91624b22"},"workflow":{"workflow_identifier":{"id":"00000000-0000-0000-0000-000000000000"},"step_identifier":{"id":"c199950d-99f0-4983-b711-6c4c91624b22"}},"item":{"id":"5b53bb7c-3f22-4c1e-8cac-7e71e69098d0"},"language":{"id":"00000000-0000-0000-0000-000000000000"},"last_modified":"2020-11-09T19:57:09.5073004Z"},{"elements":[{"element":{"id":"e1c32e06-3c32-426f-bfa1-131c3591d2e4"},"value":"Web"},{"element":{"id":"b7fc87e5-48c0-42e5-af17-39dc3c2742f5"},"value":"https://www.wowthemes.net/donate/"},{"element":{"id":"84fbc708-44c8-41d5-bd93-5922b68fdfc5"},"value":"web"}],"workflow_step":{"id":"c199950d-99f0-4983-b711-6c4c91624b22"},"workflow":{"workflow_identifier":{"id":"00000000-0000-0000-0000-000000000000"},"step_identifier":{"id":"c199950d-99f0-4983-b711-6c4c91624b22"}},"item":{"id":"64cbc9fe-b0f1-4eca-8ea3-121a0b6aeeb3"},"language":{"id":"00000000-0000-0000-0000-000000000000"},"last_modified":"2020-11-09T20:05:13.7200658Z"},{"elements":[{"element":{"id":"3520ade1-82bb-4a52-a16e-983763e82615"},"value":"John"},{"element":{"id":"bd540680-05a8-4901-a1d6-ffc4e8d5df74"},"value":"This is the author box. Write a short description of the author here. You are currently previewing Memoirs demo, a Kontent.Statiq template compatible with Github pages."},{"element":{"id":"17412dc4-a817-4a44-9883-3c6d90cd8179"},"value":[{"renditions":[],"id":"78b70958-077f-4f76-a479-310cbebef856"}]},{"element":{"id":"b51b9a7f-352c-45dd-babb-91fe8bac163e"},"value":"wowthemesnet@gmail.com"},{"element":{"id":"fdc1cb84-7e9c-4ac3-8e98-42fa8ac796b1"},"value":[{"id":"64cbc9fe-b0f1-4eca-8ea3-121a0b6aeeb3"},{"id":"5b53bb7c-3f22-4c1e-8cac-7e71e69098d0"}]}],"workflow_step":{"id":"c199950d-99f0-4983-b711-6c4c91624b22"},"workflow":{"workflow_identifier":{"id":"00000000-0000-0000-0000-000000000000"},"step_identifier":{"id":"c199950d-99f0-4983-b711-6c4c91624b22"}},"item":{"id":"ac68b4d0-2db5-4872-938f-47ca11852bc3"},"language":{"id":"00000000-0000-0000-0000-000000000000"},"last_modified":"2020-11-18T22:49:47.1725242Z"},{"elements":[{"element":{"id":"8b767642-59a3-4ade-a501-94e3d968ec9a"},"value":"Education must also train one for quick, resolute and effective thinking."},{"element":{"id":"990ae3cb-1d5f-4a91-8097-f95ccd940691"},"value":[{"renditions":[],"id":"a22bdce7-3f94-4983-b67f-52c9ef691ce7"}]},{"display_timezone":null,"element":{"id":"dbd087d8-3c22-4b99-a00a-212dabb68dba"},"value":"2018-06-12T00:00:00Z"},{"components":[{"id":"f61bffa6-921a-4c4b-b11b-ce6792c9ad1f","type":{"id":"d543b64b-64fa-4d6a-bc78-42acff14dbff"},"elements":[{"element":{"id":"cb1f2860-10d2-4342-8a1d-be56839fe52d"},"value":"<li class=\"ml-1 mr-1\">\n    <a target=\"_blank\" href=\"#\">\n    <i class=\"fab fa-twitter\"></i>\n    </a>\n</li>"},{"element":{"id":"9ecd31fd-0da4-4ed0-a632-23bbdd7b7d2f"},"value":[{"id":"2b1d9b2d-4cc7-43ef-8e87-963bf3d82bbf"}]}]},{"id":"cd94a30e-8846-4cda-894a-cdd0f35a68b7","type":{"id":"d543b64b-64fa-4d6a-bc78-42acff14dbff"},"elements":[{"element":{"id":"cb1f2860-10d2-4342-8a1d-be56839fe52d"},"value":".highlight .c {\n    color: #999988;\n    font-style: italic; \n}\n.highlight .err {\n    color: #a61717;\n    background-color: #e3d2d2; \n}"},{"element":{"id":"9ecd31fd-0da4-4ed0-a632-23bbdd7b7d2f"},"value":[{"id":"566e28a3-ac2c-43c2-9284-6112a3e22f0e"}]}]},{"id":"5e41c3ab-99b4-4c8b-aa3f-e7fb05b0aaa6","type":{"id":"d543b64b-64fa-4d6a-bc78-42acff14dbff"},"elements":[{"element":{"id":"cb1f2860-10d2-4342-8a1d-be56839fe52d"},"value":"// alertbar later\n$(document).scroll(function () {\n    var y = $(this).scrollTop();\n    if (y > 280) {\n        $('.alertbar').fadeIn();\n    } else {\n        $('.alertbar').fadeOut();\n    }\n});"},{"element":{"id":"9ecd31fd-0da4-4ed0-a632-23bbdd7b7d2f"},"value":[{"id":"3fa256eb-995a-4830-a3f6-fe11db7b306e"}]}]},{"id":"a506f031-59c6-4a8b-ad94-f1b50d02166b","type":{"id":"d543b64b-64fa-4d6a-bc78-42acff14dbff"},"elements":[{"element":{"id":"cb1f2860-10d2-4342-8a1d-be56839fe52d"},"value":"print(\"Hello World\")"},{"element":{"id":"9ecd31fd-0da4-4ed0-a632-23bbdd7b7d2f"},"value":[{"id":"6f41ecd8-400b-45f1-afaa-883bbe0f2ceb"}]}]},{"id":"cffa2d05-139b-4b09-bdb2-40922b6062c8","type":{"id":"d543b64b-64fa-4d6a-bc78-42acff14dbff"},"elements":[{"element":{"id":"cb1f2860-10d2-4342-8a1d-be56839fe52d"},"value":"require 'redcarpet'\nmarkdown = Redcarpet.new(\"Hello World!\")\nputs markdown.to_html"},{"element":{"id":"9ecd31fd-0da4-4ed0-a632-23bbdd7b7d2f"},"value":[{"id":"bdd4e042-42fe-43dd-a14a-ad15b70fe641"}]}]},{"id":"45e0e8af-15cd-4a7b-b6e2-5e3956032f25","type":{"id":"d543b64b-64fa-4d6a-bc78-42acff14dbff"},"elements":[{"element":{"id":"cb1f2860-10d2-4342-8a1d-be56839fe52d"},"value":"Console.WriteLine($\"Hello {DateTime.Now.Year}!\");"},{"element":{"id":"9ecd31fd-0da4-4ed0-a632-23bbdd7b7d2f"},"value":[{"id":"65352f07-906c-49b8-8a36-fa283588d4aa"}]}]}],"element":{"id":"b8f8c14c-3a28-4757-8ddc-c1243f26f3c4"},"value":"<p>Memoirs theme has Prism highlighter integrated. I will show you in this post a few examples of how it looks if you are a developer planning to add pieces of code on your website.</p>\n<h3>HTML</h3>\n<object type=\"application/kenticocloud\" data-type=\"component\" data-id=\"f61bffa6-921a-4c4b-b11b-ce6792c9ad1f\"></object>\n<h3>CSS</h3>\n<object type=\"application/kenticocloud\" data-type=\"component\" data-id=\"cd94a30e-8846-4cda-894a-cdd0f35a68b7\"></object>\n<h3>Javascript</h3>\n<object type=\"application/kenticocloud\" data-type=\"component\" data-id=\"5e41c3ab-99b4-4c8b-aa3f-e7fb05b0aaa6\"></object>\n<h3>Python</h3>\n<object type=\"application/kenticocloud\" data-type=\"component\" data-id=\"a506f031-59c6-4a8b-ad94-f1b50d02166b\"></object>\n<h3>Ruby</h3>\n<object type=\"application/kenticocloud\" data-type=\"component\" data-id=\"cffa2d05-139b-4b09-bdb2-40922b6062c8\"></object>\n<h3>C#</h3>\n<object type=\"application/kenticocloud\" data-type=\"component\" data-id=\"45e0e8af-15cd-4a7b-b6e2-5e3956032f25\"></object>"},{"element":{"id":"b0770527-24d1-487e-ac8f-33dd2f189a22"},"value":null},{"element":{"id":"36ee20a2-00d2-4b77-8e2b-296f3eb7f2eb"},"value":[]},{"element":{"id":"ad53e978-c1e0-4d23-83a9-fc091705aad9"},"value":[]},{"element":{"id":"efead311-e906-4006-a7dc-1b4f9941a06c"},"value":[]},{"element":{"id":"02b44473-0a1f-4ffc-ab35-2cd6dbfda2de"},"value":[{"id":"ac68b4d0-2db5-4872-938f-47ca11852bc3"}]},{"element":{"id":"449c00ac-8e0e-4de5-8b20-dd473beba47e"},"value":[]},{"mode":"custom","element":{"id":"d0b7d732-40bd-43e4-a487-7b662374ae43"},"value":"2018-06-12-education"},{"element":{"id":"d01d5fea-d9ca-4f61-b121-a617b045fbc4"},"value":"Education must also train one for quick, resolute and effective thinking."},{"element":{"id":"cfdc576e-d7ea-471c-a6c3-db9c32740d82"},"value":"Prism highlighter is a very powerful thing. In this article I'm going to show you what you can actually do with it, some tricks and tips while editing your post. Tocs is also enabled as you can see in summary."},{"element":{"id":"77c4a9f2-4b0e-46a6-8a74-abdd5d2b3250"},"value":""},{"element":{"id":"aae119b9-ed63-41f1-a31a-ec6b7a8d6f47"},"value":""},{"element":{"id":"fc1684d2-311d-488b-9b53-0c424f8faad6"},"value":""},{"element":{"id":"b7d59d46-b466-456f-a1ec-8b92bd3dfb22"},"value":[]},{"element":{"id":"4a6fd1c4-bfd9-477c-b5b4-94dca5f6526e"},"value":[]},{"element":{"id":"baa6a2e3-aa95-4c14-9546-973e771992c5"},"value":""},{"element":{"id":"166bb42a-52ed-48d2-957f-411619df3947"},"value":""},{"element":{"id":"81725870-07e2-4149-bb7a-6ee7e257017b"},"value":[]}],"workflow_step":{"id":"c199950d-99f0-4983-b711-6c4c91624b22"},"workflow":{"workflow_identifier":{"id":"00000000-0000-0000-0000-000000000000"},"step_identifier":{"id":"c199950d-99f0-4983-b711-6c4c91624b22"}},"item":{"id":"d80e2162-2e95-408c-96e0-bc6dc7dab34a"},"language":{"id":"00000000-0000-0000-0000-000000000000"},"last_modified":"2020-11-09T20:21:44.4193624Z"},{"elements":[{"element":{"id":"f88637fc-3b5f-4682-a7b2-3118bf811a6f"},"value":"About"},{"element":{"id":"632e3c02-3b38-49ce-8c5b-52a2f1e921f1"},"value":[{"renditions":[],"id":"8cb1d3c3-229c-453e-a851-8921b6f96934"}]},{"components":[],"element":{"id":"ec770ca6-4b44-41ff-871f-70aa5d3be2ca"},"value":"<p>This website is a demonstration to see <strong>Memoirs theme with Statiq and Kontent</strong> in action. The theme is compatible with Github pages, in fact even this demo itself is created with Github Pages and hosted with Github.&nbsp;</p>\n<p><br/></p>\n<p><a href=\"https://github.com/alanta/memoirs-theme\" data-new-window=\"true\">Get Memoirs for Statiq and Kontent →</a></p>"},{"element":{"id":"cee7fd83-6f2c-461f-bfa9-edf8fdc378df"},"value":[{"id":"5a5062cf-6e37-435a-83b6-43415bdac725"}]},{"element":{"id":"6ca96fe2-adf8-4ab0-8662-79eb8d3e7674"},"value":[]},{"element":{"id":"1d9a9765-6aad-4b61-8e64-f03d5f82d446"},"value":[]},{"element":{"id":"f907c04e-feae-45a1-9c01-c7f1aac6c110"},"value":[]},{"mode":"autogenerated","element":{"id":"239e6651-d4be-413c-a121-27e9b6f05ceb"},"value":"about"},{"element":{"id":"d01d5fea-d9ca-4f61-b121-a617b045fbc4"},"value":""},{"element":{"id":"cfdc576e-d7ea-471c-a6c3-db9c32740d82"},"value":""},{"element":{"id":"77c4a9f2-4b0e-46a6-8a74-abdd5d2b3250"},"value":""},{"element":{"id":"aae119b9-ed63-41f1-a31a-ec6b7a8d6f47"},"value":""},{"element":{"id":"fc1684d2-311d-488b-9b53-0c424f8faad6"},"value":""},{"element":{"id":"b7d59d46-b466-456f-a1ec-8b92bd3dfb22"},"value":[]},{"element":{"id":"4a6fd1c4-bfd9-477c-b5b4-94dca5f6526e"},"value":[]},{"element":{"id":"baa6a2e3-aa95-4c14-9546-973e771992c5"},"value":""},{"element":{"id":"166bb42a-52ed-48d2-957f-411619df3947"},"value":""},{"element":{"id":"81725870-07e2-4149-bb7a-6ee7e257017b"},"value":[]}],"workflow_step":{"id":"c199950d-99f0-4983-b711-6c4c91624b22"},"workflow":{"workflow_identifier":{"id":"00000000-0000-0000-0000-000000000000"},"step_identifier":{"id":"c199950d-99f0-4983-b711-6c4c91624b22"}},"item":{"id":"8a4c9b00-8e8b-44cf-9ed6-429fc50baf63"},"language":{"id":"00000000-0000-0000-0000-000000000000"},"last_modified":"2020-11-18T19:54:11.2328957Z"},{"elements":[{"element":{"id":"8b767642-59a3-4ade-a501-94e3d968ec9a"},"value":"Culinary Arts in Europe by Jean Anthelme Brillat-Savarin"},{"element":{"id":"990ae3cb-1d5f-4a91-8097-f95ccd940691"},"value":[{"renditions":[],"id":"f660ea63-c226-4388-b8dc-71d7c4a63b2f"}]},{"display_timezone":null,"element":{"id":"dbd087d8-3c22-4b99-a00a-212dabb68dba"},"value":"2019-12-01T00:00:00Z"},{"components":[],"element":{"id":"b8f8c14c-3a28-4757-8ddc-c1243f26f3c4"},"value":"<p>The origins of culinary began with primitive humans roughly 2 million years ago. There are various theories as to how early humans used fire to cook meat. According to anthropologist Richard Wrangham, author of Catching Fire: How Cooking Made Us Human, primitive humans simply tossed a raw hunk of meat into the flames and watched it sizzle. Another theory claims humans may first have savoured roasted meat by chance when the flesh of a beast killed in a forest fire was found to be more appetizing and easier to chew and digest than the conventional raw meat.</p>\n<p>Culinary techniques improved with the introduction of earthenware and stoneware, the domestication of livestock, and advancements in agriculture. In early civilizations, the primary employers of professional chefs were kings, aristocrats, or priests. The divide between professional chefs cooking for the wealthy and peasants cooking for their families engendered the development of many cuisines.</p>\n<p>A great deal of the study of Culinary Arts in Europe was organized by Jean Anthelme Brillat-Savarin, a man famous for his quote \"Tell me what you eat, and I will tell you what you are,\" which has since been mistranslated and oversimplified into \"You are what you eat.\" Other people helped to parse out the different parts of food science and gastronomy. Over time, increasingly deeper and more detailed studies into foods and the Culinary Arts has led to a greater wealth of knowledge.</p>\n<p>In Asia, a similar path led to a separate study of the Culinary Arts, which later essentially merged with the Western counterpart. In the modern international marketplace, there is no longer a distinct divide between Western and Eastern foods. Culinary Arts students today, generally speaking, are introduced to the different cuisines of many different cultures from around the world.</p>\n<p>The Culinary Arts, in the Western world, as a craft and later as a field of study, began to evolve at the end of the Renaissance period. Prior to this, chefs worked in castles, cooking for kings and queens, as well as their families, guests, and other workers of the castle. As Monarchical rule became phased out as a modality, the chefs took their craft to inns and hotels. From here, the craft evolved into a field of study.</p>\n<p>Before cooking institutions, professional cooks were mentors for individual students who apprenticed under them. In 1879, the first cooking school was founded in the United States: the Boston Cooking School. This school standardized cooking practices and recipes, and laid the groundwork for the culinary arts schools that would follow.</p>"},{"element":{"id":"b0770527-24d1-487e-ac8f-33dd2f189a22"},"value":null},{"element":{"id":"36ee20a2-00d2-4b77-8e2b-296f3eb7f2eb"},"value":[]},{"element":{"id":"ad53e978-c1e0-4d23-83a9-fc091705aad9"},"value":[]},{"element":{"id":"efead311-e906-4006-a7dc-1b4f9941a06c"},"value":[]},{"element":{"id":"02b44473-0a1f-4ffc-ab35-2cd6dbfda2de"},"value":[{"id":"8be1f84e-95dd-4713-af30-86b4ecc41cd7"}]},{"element":{"id":"449c00ac-8e0e-4de5-8b20-dd473beba47e"},"value":[]},{"mode":"custom","element":{"id":"d0b7d732-40bd-43e4-a487-7b662374ae43"},"value":"press-and-education"},{"element":{"id":"d01d5fea-d9ca-4f61-b121-a617b045fbc4"},"value":" Culinary Arts in Europe"},{"element":{"id":"cfdc576e-d7ea-471c-a6c3-db9c32740d82"},"value":"On the evolution of cooking from the primitive discovery of fire to elite institutions governing the culinary arts."},{"element":{"id":"77c4a9f2-4b0e-46a6-8a74-abdd5d2b3250"},"value":""},{"element":{"id":"aae119b9-ed63-41f1-a31a-ec6b7a8d6f47"},"value":""},{"element":{"id":"fc1684d2-311d-488b-9b53-0c424f8faad6"},"value":""},{"element":{"id":"b7d59d46-b466-456f-a1ec-8b92bd3dfb22"},"value":[{"renditions":[],"id":"f660ea63-c226-4388-b8dc-71d7c4a63b2f"}]},{"element":{"id":"4a6fd1c4-bfd9-477c-b5b4-94dca5f6526e"},"value":[{"id":"c915b650-f84d-4128-8451-ebe40ec401a0"}]},{"element":{"id":"baa6a2e3-aa95-4c14-9546-973e771992c5"},"value":""},{"element":{"id":"166bb42a-52ed-48d2-957f-411619df3947"},"value":""},{"element":{"id":"81725870-07e2-4149-bb7a-6ee7e257017b"},"value":[{"renditions":[],"id":"f660ea63-c226-4388-b8dc-71d7c4a63b2f"}]}],"workflow_step":{"id":"c199950d-99f0-4983-b711-6c4c91624b22"},"workflow":{"workflow_identifier":{"id":"00000000-0000-0000-0000-000000000000"},"step_identifier":{"id":"c199950d-99f0-4983-b711-6c4c91624b22"}},"item":{"id":"a20f689f-6156-46ec-a27a-50f74052347e"},"language":{"id":"00000000-0000-0000-0000-000000000000"},"last_modified":"2020-11-18T21:36:12.5681376Z"},{"elements":[{"element":{"id":"8b767642-59a3-4ade-a501-94e3d968ec9a"},"value":"The Observer - National Gallery of Art, Washington, United States"},{"element":{"id":"990ae3cb-1d5f-4a91-8097-f95ccd940691"},"value":[{"renditions":[],"id":"6e3d34b9-4e80-40f0-9776-cd995bf570d5"}]},{"display_timezone":null,"element":{"id":"dbd087d8-3c22-4b99-a00a-212dabb68dba"},"value":"2019-12-01T00:00:00Z"},{"components":[],"element":{"id":"b8f8c14c-3a28-4757-8ddc-c1243f26f3c4"},"value":"<p>The National Gallery of Art, and its attached Sculpture Garden, is a national art museum in Washington, D.C., located on the National Mall, between 3rd and 9th Streets, at Constitution Avenue NW. Open to the public and free of charge, the museum was privately established in 1937 for the American people by a joint resolution of the United States Congress. Andrew W. Mellon donated a substantial art collection and funds for construction.&nbsp;</p>\n<p><em>The core collection includes major works of art donated by Paul Mellon, Ailsa Mellon Bruce, Lessing J. Rosenwald, Samuel Henry Kress, Rush Harrison Kress, Peter Arrell Browne Widener, Joseph E. Widener, and Chester Dale.&nbsp;</em></p>\n<p>The Gallery's collection of paintings, drawings, prints, photographs, sculpture, medals, and decorative arts traces the development of Western Art from the Middle Ages to the present, including the only painting by Leonardo da Vinci in the Americas and the largest mobile created by Alexander Calder.</p>\n<p>The Gallery's campus includes the original neoclassical West Building designed by John Russell Pope, which is linked underground to the modern East Building, designed by I. M. Pei, and the 6.1-acre (25,000 m2) Sculpture Garden.&nbsp;</p>\n<p>The Gallery often presents temporary special exhibitions spanning the world and the history of art. It is one of the largest museums in North America.</p>"},{"element":{"id":"b0770527-24d1-487e-ac8f-33dd2f189a22"},"value":null},{"element":{"id":"36ee20a2-00d2-4b77-8e2b-296f3eb7f2eb"},"value":[]},{"element":{"id":"ad53e978-c1e0-4d23-83a9-fc091705aad9"},"value":[]},{"element":{"id":"efead311-e906-4006-a7dc-1b4f9941a06c"},"value":[{"id":"6d26d61d-4923-4494-b635-d358fe59b267"}]},{"element":{"id":"02b44473-0a1f-4ffc-ab35-2cd6dbfda2de"},"value":[{"id":"8be1f84e-95dd-4713-af30-86b4ecc41cd7"}]},{"element":{"id":"449c00ac-8e0e-4de5-8b20-dd473beba47e"},"value":[{"id":"a20f689f-6156-46ec-a27a-50f74052347e"}]},{"mode":"autogenerated","element":{"id":"d0b7d732-40bd-43e4-a487-7b662374ae43"},"value":"the-observer-national-gallery-of-art"},{"element":{"id":"d01d5fea-d9ca-4f61-b121-a617b045fbc4"},"value":"The Observer - National Gallery of Art"},{"element":{"id":"cfdc576e-d7ea-471c-a6c3-db9c32740d82"},"value":"The National Gallery of Art in Washington D.C. hosts a collection of paintings, drawings, prints, photographs, sculpture, medals, and decorative arts tracing the development of Western Art from the Middle Ages to the present."},{"element":{"id":"77c4a9f2-4b0e-46a6-8a74-abdd5d2b3250"},"value":"Museum, Art"},{"element":{"id":"aae119b9-ed63-41f1-a31a-ec6b7a8d6f47"},"value":""},{"element":{"id":"fc1684d2-311d-488b-9b53-0c424f8faad6"},"value":""},{"element":{"id":"b7d59d46-b466-456f-a1ec-8b92bd3dfb22"},"value":[{"renditions":[],"id":"6e3d34b9-4e80-40f0-9776-cd995bf570d5"}]},{"element":{"id":"4a6fd1c4-bfd9-477c-b5b4-94dca5f6526e"},"value":[{"id":"c915b650-f84d-4128-8451-ebe40ec401a0"}]},{"element":{"id":"baa6a2e3-aa95-4c14-9546-973e771992c5"},"value":""},{"element":{"id":"166bb42a-52ed-48d2-957f-411619df3947"},"value":""},{"element":{"id":"81725870-07e2-4149-bb7a-6ee7e257017b"},"value":[{"renditions":[],"id":"6e3d34b9-4e80-40f0-9776-cd995bf570d5"}]}],"workflow_step":{"id":"c199950d-99f0-4983-b711-6c4c91624b22"},"workflow":{"workflow_identifier":{"id":"00000000-0000-0000-0000-000000000000"},"step_identifier":{"id":"c199950d-99f0-4983-b711-6c4c91624b22"}},"item":{"id":"4d463c81-ffa3-4884-a6b7-2c1b8c524f91"},"language":{"id":"00000000-0000-0000-0000-000000000000"},"last_modified":"2020-11-19T20:20:44.9577382Z"},{"elements":[{"element":{"id":"8b767642-59a3-4ade-a501-94e3d968ec9a"},"value":"Reviewing the best Oscar movies of all time"},{"element":{"id":"990ae3cb-1d5f-4a91-8097-f95ccd940691"},"value":[{"renditions":[],"id":"85c389bf-1d63-4b1f-af31-e378296bcee5"}]},{"display_timezone":null,"element":{"id":"dbd087d8-3c22-4b99-a00a-212dabb68dba"},"value":"2020-01-01T00:00:00Z"},{"components":[],"element":{"id":"b8f8c14c-3a28-4757-8ddc-c1243f26f3c4"},"value":"<p>Review products, books, movies, restaurant and anything you like on your Kontent blog with **Memoirs**! JSON-LD ready for review property.</p>\n<h3>How to use?</h3>\n<p>It's actually really simple! Add the rating in page in Kontent. It also supports halfs:</p>\n<figure data-asset-id=\"6a88c3ce-1881-4b95-bdc9-dcdd7e7a8406\"><img src=\"#\" data-asset-id=\"6a88c3ce-1881-4b95-bdc9-dcdd7e7a8406\"></figure>"},{"element":{"id":"b0770527-24d1-487e-ac8f-33dd2f189a22"},"value":4.5},{"element":{"id":"36ee20a2-00d2-4b77-8e2b-296f3eb7f2eb"},"value":[]},{"element":{"id":"ad53e978-c1e0-4d23-83a9-fc091705aad9"},"value":[{"id":"eaf35892-f2f2-4778-803f-831225e5545a"}]},{"element":{"id":"efead311-e906-4006-a7dc-1b4f9941a06c"},"value":[]},{"element":{"id":"02b44473-0a1f-4ffc-ab35-2cd6dbfda2de"},"value":[{"id":"ac68b4d0-2db5-4872-938f-47ca11852bc3"}]},{"element":{"id":"449c00ac-8e0e-4de5-8b20-dd473beba47e"},"value":[]},{"mode":"custom","element":{"id":"d0b7d732-40bd-43e4-a487-7b662374ae43"},"value":"review-oscar"},{"element":{"id":"d01d5fea-d9ca-4f61-b121-a617b045fbc4"},"value":"Reviewing the best Oscar movies of all time"},{"element":{"id":"cfdc576e-d7ea-471c-a6c3-db9c32740d82"},"value":"My review of Inception movie. Acting, plot and something else in this short description."},{"element":{"id":"77c4a9f2-4b0e-46a6-8a74-abdd5d2b3250"},"value":"Ratings, reviews"},{"element":{"id":"aae119b9-ed63-41f1-a31a-ec6b7a8d6f47"},"value":""},{"element":{"id":"fc1684d2-311d-488b-9b53-0c424f8faad6"},"value":""},{"element":{"id":"b7d59d46-b466-456f-a1ec-8b92bd3dfb22"},"value":[{"renditions":[],"id":"85c389bf-1d63-4b1f-af31-e378296bcee5"}]},{"element":{"id":"4a6fd1c4-bfd9-477c-b5b4-94dca5f6526e"},"value":[{"id":"c915b650-f84d-4128-8451-ebe40ec401a0"}]},{"element":{"id":"baa6a2e3-aa95-4c14-9546-973e771992c5"},"value":""},{"element":{"id":"166bb42a-52ed-48d2-957f-411619df3947"},"value":""},{"element":{"id":"81725870-07e2-4149-bb7a-6ee7e257017b"},"value":[{"renditions":[],"id":"85c389bf-1d63-4b1f-af31-e378296bcee5"}]}],"workflow_step":{"id":"c199950d-99f0-4983-b711-6c4c91624b22"},"workflow":{"workflow_identifier":{"id":"00000000-0000-0000-0000-000000000000"},"step_identifier":{"id":"c199950d-99f0-4983-b711-6c4c91624b22"}},"item":{"id":"24fe036e-c00d-4679-94b1-1d6263ed40c5"},"language":{"id":"00000000-0000-0000-0000-000000000000"},"last_modified":"2020-11-18T22:17:34.9781714Z"},{"elements":[{"element":{"id":"8b767642-59a3-4ade-a501-94e3d968ec9a"},"value":"That day when we almost missed our flight"},{"element":{"id":"990ae3cb-1d5f-4a91-8097-f95ccd940691"},"value":[{"renditions":[],"id":"29a8895a-9598-4557-a26b-ecb8596233f5"}]},{"display_timezone":null,"element":{"id":"dbd087d8-3c22-4b99-a00a-212dabb68dba"},"value":"2020-01-01T00:00:00Z"},{"components":[{"id":"7d13a9ac-c432-44da-b0e2-135175d6a894","type":{"id":"97f77edc-41f8-4e01-a281-44dea544511f"},"elements":[{"components":[],"element":{"id":"46289876-58c4-4a43-94ff-35b33b9bc642"},"value":"<p>It would seem the claim could also extend to die cut books in general, as we can’t find anything sooner, but do let us know in the comments if you have further light to shed on this! Such books are, of course, still popular in children’s publishing today, though the die cutting is not now limited to mere outlines, as evidenced in a beautiful 2014 version of the same Little Red Riding Hood story.&nbsp;</p>"},{"element":{"id":"d4f8d1a9-1733-4d70-9ed2-6ad7ce7f5a45"},"value":""}]}],"element":{"id":"b8f8c14c-3a28-4757-8ddc-c1243f26f3c4"},"value":"<p>The first mass-produced book to deviate from a rectilinear format, at least in the United States, is thought to be this 1863 edition of Red Riding Hood, cut into the shape of the protagonist herself with the troublesome wolf curled at her feet. Produced by the Boston-based publisher Louis Prang, this is the first in their “Doll Series”, a set of five “die-cut” books, known also as shape books — the other titles being Robinson Crusoe, Goody Two-Shoes (also written by Red Riding Hood author Lydia Very), Cinderella, and King Winter.&nbsp;</p>\n<p>An 1868 Prang catalogue would later claim that such “books in the shape of a regular paper Doll... originated with us”.&nbsp;</p>\n<object type=\"application/kenticocloud\" data-type=\"component\" data-id=\"7d13a9ac-c432-44da-b0e2-135175d6a894\"></object>\n<p>The die cut has also been employed in the non-juvenile sphere as well, a recent example being Jonathan Safran Foer’s ambitious Tree of Codes.&nbsp;</p>\n<p>As for this particular rendition of Charles Perrault’s classic tale, the text and design is by Lydia Very (1823-1901), sister of Transcendentalist poet Jones Very. The gruesome ending of the original - which sees Little Red Riding Hood being gobbled up as well as her grandmother - is avoided here, the gore giving way to the less bloody aims of the morality tale, and the lesson that one should not disobey one’s mother.</p>"},{"element":{"id":"b0770527-24d1-487e-ac8f-33dd2f189a22"},"value":null},{"element":{"id":"36ee20a2-00d2-4b77-8e2b-296f3eb7f2eb"},"value":[]},{"element":{"id":"ad53e978-c1e0-4d23-83a9-fc091705aad9"},"value":[]},{"element":{"id":"efead311-e906-4006-a7dc-1b4f9941a06c"},"value":[{"id":"6d26d61d-4923-4494-b635-d358fe59b267"},{"id":"5d08ab31-a3a8-4db9-841e-f11924d3e5a8"}]},{"element":{"id":"02b44473-0a1f-4ffc-ab35-2cd6dbfda2de"},"value":[{"id":"8be1f84e-95dd-4713-af30-86b4ecc41cd7"}]},{"element":{"id":"449c00ac-8e0e-4de5-8b20-dd473beba47e"},"value":[{"id":"4d463c81-ffa3-4884-a6b7-2c1b8c524f91"}]},{"mode":"autogenerated","element":{"id":"d0b7d732-40bd-43e4-a487-7b662374ae43"},"value":"that-day-when-we-almost-missed-our-flight"},{"element":{"id":"d01d5fea-d9ca-4f61-b121-a617b045fbc4"},"value":"That day when we almost missed our flight"},{"element":{"id":"cfdc576e-d7ea-471c-a6c3-db9c32740d82"},"value":"On the origins of odd-shaped books"},{"element":{"id":"77c4a9f2-4b0e-46a6-8a74-abdd5d2b3250"},"value":""},{"element":{"id":"aae119b9-ed63-41f1-a31a-ec6b7a8d6f47"},"value":""},{"element":{"id":"fc1684d2-311d-488b-9b53-0c424f8faad6"},"value":""},{"element":{"id":"b7d59d46-b466-456f-a1ec-8b92bd3dfb22"},"value":[{"renditions":[],"id":"29a8895a-9598-4557-a26b-ecb8596233f5"}]},{"element":{"id":"4a6fd1c4-bfd9-477c-b5b4-94dca5f6526e"},"value":[{"id":"c915b650-f84d-4128-8451-ebe40ec401a0"}]},{"element":{"id":"baa6a2e3-aa95-4c14-9546-973e771992c5"},"value":""},{"element":{"id":"166bb42a-52ed-48d2-957f-411619df3947"},"value":""},{"element":{"id":"81725870-07e2-4149-bb7a-6ee7e257017b"},"value":[{"renditions":[],"id":"29a8895a-9598-4557-a26b-ecb8596233f5"}]}],"workflow_step":{"id":"c199950d-99f0-4983-b711-6c4c91624b22"},"workflow":{"workflow_identifier":{"id":"00000000-0000-0000-0000-000000000000"},"step_identifier":{"id":"c199950d-99f0-4983-b711-6c4c91624b22"}},"item":{"id":"b63ea74d-ca51-4f0b-a490-ef3204902498"},"language":{"id":"00000000-0000-0000-0000-000000000000"},"last_modified":"2020-11-20T14:46:42.0680817Z"},{"elements":[{"element":{"id":"f88637fc-3b5f-4682-a7b2-3118bf811a6f"},"value":"Contact"},{"element":{"id":"632e3c02-3b38-49ce-8c5b-52a2f1e921f1"},"value":[{"renditions":[],"id":"4fe3f034-1403-4509-a328-30d1efe44053"}]},{"components":[],"element":{"id":"ec770ca6-4b44-41ff-871f-70aa5d3be2ca"},"value":"<p>Please tell us what you think about Kontent, Statiq and this theme.</p>"},{"element":{"id":"cee7fd83-6f2c-461f-bfa9-edf8fdc378df"},"value":[]},{"element":{"id":"6ca96fe2-adf8-4ab0-8662-79eb8d3e7674"},"value":[]},{"element":{"id":"1d9a9765-6aad-4b61-8e64-f03d5f82d446"},"value":[{"id":"5d08ab31-a3a8-4db9-841e-f11924d3e5a8"}]},{"element":{"id":"f907c04e-feae-45a1-9c01-c7f1aac6c110"},"value":[]},{"mode":"autogenerated","element":{"id":"239e6651-d4be-413c-a121-27e9b6f05ceb"},"value":"contact"},{"element":{"id":"d01d5fea-d9ca-4f61-b121-a617b045fbc4"},"value":"Contact"},{"element":{"id":"cfdc576e-d7ea-471c-a6c3-db9c32740d82"},"value":"Let us know what you think"},{"element":{"id":"77c4a9f2-4b0e-46a6-8a74-abdd5d2b3250"},"value":""},{"element":{"id":"aae119b9-ed63-41f1-a31a-ec6b7a8d6f47"},"value":""},{"element":{"id":"fc1684d2-311d-488b-9b53-0c424f8faad6"},"value":""},{"element":{"id":"b7d59d46-b466-456f-a1ec-8b92bd3dfb22"},"value":[]},{"element":{"id":"4a6fd1c4-bfd9-477c-b5b4-94dca5f6526e"},"value":[{"id":"c915b650-f84d-4128-8451-ebe40ec401a0"}]},{"element":{"id":"baa6a2e3-aa95-4c14-9546-973e771992c5"},"value":""},{"element":{"id":"166bb42a-52ed-48d2-957f-411619df3947"},"value":""},{"element":{"id":"81725870-07e2-4149-bb7a-6ee7e257017b"},"value":[]}],"workflow_step":{"id":"c199950d-99f0-4983-b711-6c4c91624b22"},"workflow":{"workflow_identifier":{"id":"00000000-0000-0000-0000-000000000000"},"step_identifier":{"id":"c199950d-99f0-4983-b711-6c4c91624b22"}},"item":{"id":"8578faa4-2f09-4e3c-bd17-ba48b18d8819"},"language":{"id":"00000000-0000-0000-0000-000000000000"},"last_modified":"2020-11-24T15:56:09.0763036Z"},{"elements":[{"element":{"id":"8b767642-59a3-4ade-a501-94e3d968ec9a"},"value":"Spoilers Inside - a film review needs hidden spoilers like this post"},{"element":{"id":"990ae3cb-1d5f-4a91-8097-f95ccd940691"},"value":[{"renditions":[],"id":"f6ca1f8c-512d-4af3-b93b-bfbdaee02e8d"}]},{"display_timezone":null,"element":{"id":"dbd087d8-3c22-4b99-a00a-212dabb68dba"},"value":"2020-01-11T00:00:00Z"},{"components":[{"id":"6b031631-1b82-4748-bd81-f3b7e1f0cc41","type":{"id":"91a111f9-22b0-4a83-ad3a-653f20ae3950"},"elements":[{"components":[],"element":{"id":"ea61f2d6-9585-4773-97bd-efabbf52efca"},"value":"<p>The mind-warping film opened with a hospital patient Simon Cable (Ryan Phillippe) awakening in a hospital with little knowledge (amnesia perhaps?) of what had happened, and why he was there, etc. He was told by attending Dr. Jeremy Newman (Stephen Rea) that it was July 29, 2002 (Simon thought it was the year 2000 - he was confused - he heard a doctor say 20:00 hours!) and that he had died for two minutes from cardiac arrest following the near-fatal accident -- but he had been revived (\"You're as good as new\").Dr. Newman: \"Simon, this is the 29th of July. The year is 2002. And your wife, whose name is Anna, is waiting outside.\"&nbsp;</p>"}]},{"id":"12f1060f-a7cf-440e-bf75-6fd99d94cc40","type":{"id":"97f77edc-41f8-4e01-a281-44dea544511f"},"elements":[{"components":[],"element":{"id":"46289876-58c4-4a43-94ff-35b33b9bc642"},"value":"<p>There's almost no single moment in Portrait of a Lady on Fire that couldn't be captured, mounted, and hung on a wall as high art.</p>"},{"element":{"id":"d4f8d1a9-1733-4d70-9ed2-6ad7ce7f5a45"},"value":"Entertainment Weekly"}]},{"id":"38ec0136-6a2b-41e4-add8-1fa6cd468f59","type":{"id":"d543b64b-64fa-4d6a-bc78-42acff14dbff"},"elements":[{"element":{"id":"cb1f2860-10d2-4342-8a1d-be56839fe52d"},"value":"<div class=\"spoiler\">My blurred paragraph here.</div>"},{"element":{"id":"9ecd31fd-0da4-4ed0-a632-23bbdd7b7d2f"},"value":[{"id":"2b1d9b2d-4cc7-43ef-8e87-963bf3d82bbf"}]}]}],"element":{"id":"b8f8c14c-3a28-4757-8ddc-c1243f26f3c4"},"value":"<p>Director Roland Suso Richter's enigmatic psychological thriller (direct to video/DVD) was based upon screenwriter Michael Cooney's own play \"Point of Death\" - a title that gave away the film's entire plot twist premise.</p>\n<p>As in many similar films, such as Jacob's Ladder (1990), Soul Survivors (2001), and The Butterfly Effect (2004), events and people were thoroughly distorted and confused because the protagonist was at the point of death. The tagline was misleading:</p>\n<p><em>\"When You Don't Have a Memory, How Can You Remember Who to Trust?\"</em></p>\n<object type=\"application/kenticocloud\" data-type=\"component\" data-id=\"6b031631-1b82-4748-bd81-f3b7e1f0cc41\"></object>\n<h4>What do the critics say?</h4>\n<object type=\"application/kenticocloud\" data-type=\"component\" data-id=\"12f1060f-a7cf-440e-bf75-6fd99d94cc40\"></object>\n<p>A major clue to everything that truly happened was the scene that played next under the credits - hospital staff failed to bring a patient back to life with a defibrillator after a car accident. Chest compressions failed and there was no pulse. A second major clue was provided by hospital orderly Travis (Stephen Graham): Everybody dies. No mystery there. But why and how everyone dies. Now, there's a mystery worth solving. Probably the biggest mystery there is.</p>\n<h4>So how do we add spoilers in this theme?</h4>\n<p>Drop a spoiler in the body of your post :</p>\n<figure data-asset-id=\"b921df44-f649-41e4-8345-7817df9f041d\"><img src=\"#\" data-asset-id=\"b921df44-f649-41e4-8345-7817df9f041d\"></figure>\n<p>And it will render like this:</p>\n<object type=\"application/kenticocloud\" data-type=\"component\" data-id=\"38ec0136-6a2b-41e4-add8-1fa6cd468f59\"></object>"},{"element":{"id":"b0770527-24d1-487e-ac8f-33dd2f189a22"},"value":null},{"element":{"id":"36ee20a2-00d2-4b77-8e2b-296f3eb7f2eb"},"value":[{"id":"7eb5327b-ff35-41e3-83ba-9e052bc7427d"}]},{"element":{"id":"ad53e978-c1e0-4d23-83a9-fc091705aad9"},"value":[{"id":"eaf35892-f2f2-4778-803f-831225e5545a"}]},{"element":{"id":"efead311-e906-4006-a7dc-1b4f9941a06c"},"value":[{"id":"6d26d61d-4923-4494-b635-d358fe59b267"}]},{"element":{"id":"02b44473-0a1f-4ffc-ab35-2cd6dbfda2de"},"value":[{"id":"ac68b4d0-2db5-4872-938f-47ca11852bc3"}]},{"element":{"id":"449c00ac-8e0e-4de5-8b20-dd473beba47e"},"value":[]},{"mode":"autogenerated","element":{"id":"d0b7d732-40bd-43e4-a487-7b662374ae43"},"value":"spoilers-inside"},{"element":{"id":"d01d5fea-d9ca-4f61-b121-a617b045fbc4"},"value":"Spoilers inside"},{"element":{"id":"cfdc576e-d7ea-471c-a6c3-db9c32740d82"},"value":"Here's how you can hide part of your article to prevent spoiling other peoples fun."},{"element":{"id":"77c4a9f2-4b0e-46a6-8a74-abdd5d2b3250"},"value":""},{"element":{"id":"aae119b9-ed63-41f1-a31a-ec6b7a8d6f47"},"value":""},{"element":{"id":"fc1684d2-311d-488b-9b53-0c424f8faad6"},"value":""},{"element":{"id":"b7d59d46-b466-456f-a1ec-8b92bd3dfb22"},"value":[{"renditions":[],"id":"f6ca1f8c-512d-4af3-b93b-bfbdaee02e8d"}]},{"element":{"id":"4a6fd1c4-bfd9-477c-b5b4-94dca5f6526e"},"value":[{"id":"c915b650-f84d-4128-8451-ebe40ec401a0"}]},{"element":{"id":"baa6a2e3-aa95-4c14-9546-973e771992c5"},"value":""},{"element":{"id":"166bb42a-52ed-48d2-957f-411619df3947"},"value":""},{"element":{"id":"81725870-07e2-4149-bb7a-6ee7e257017b"},"value":[{"renditions":[],"id":"f6ca1f8c-512d-4af3-b93b-bfbdaee02e8d"}]}],"workflow_step":{"id":"c199950d-99f0-4983-b711-6c4c91624b22"},"workflow":{"workflow_identifier":{"id":"00000000-0000-0000-0000-000000000000"},"step_identifier":{"id":"c199950d-99f0-4983-b711-6c4c91624b22"}},"item":{"id":"5b72c510-658b-47d3-b303-4f4215861236"},"language":{"id":"00000000-0000-0000-0000-000000000000"},"last_modified":"2020-11-20T14:43:17.653439Z"},{"elements":[{"element":{"id":"8b767642-59a3-4ade-a501-94e3d968ec9a"},"value":"Kontent.Statiq makes image management easy"},{"element":{"id":"990ae3cb-1d5f-4a91-8097-f95ccd940691"},"value":[{"renditions":[],"id":"71b06360-ef2b-406d-9c51-aac00d79848c"}]},{"display_timezone":null,"element":{"id":"dbd087d8-3c22-4b99-a00a-212dabb68dba"},"value":"2020-01-12T00:00:00Z"},{"components":[{"id":"6b73ccd7-2ff4-4750-80ed-b8a61ce7b65d","type":{"id":"97f77edc-41f8-4e01-a281-44dea544511f"},"elements":[{"components":[],"element":{"id":"46289876-58c4-4a43-94ff-35b33b9bc642"},"value":"<p>&nbsp;We are prone to let our mental life become invaded by legions of half truths, prejudices, and propaganda. At this point, I often wonder whether or not education is fulfilling its purpose. A great majority of the so-called educated people do not think logically and scientifically.&nbsp;</p>"},{"element":{"id":"d4f8d1a9-1733-4d70-9ed2-6ad7ce7f5a45"},"value":""}]}],"element":{"id":"b8f8c14c-3a28-4757-8ddc-c1243f26f3c4"},"value":"<p>Managing images can be a challenging task, I know that, but Statiq.Kontent makes it so much simpler. Just upload it to the media library and insert in your page with the appropriate size. Kontent will take care of resizing it and Kontent.Statiq will download it into your static site.</p>\n<p>Education must also train one for quick, resolute and effective thinking. To think incisively and to think for one's self is very difficult.&nbsp;</p>\n<object type=\"application/kenticocloud\" data-type=\"component\" data-id=\"6b73ccd7-2ff4-4750-80ed-b8a61ce7b65d\"></object>\n<p>Even the press, the classroom, the platform, and the pulpit in many instances do not give us objective and unbiased truths. To save man from the morass of propaganda, in my opinion, is one of the chief aims of education. Education must enable one to sift and weigh evidence, to discern the true from the false, the real from the unreal, and the facts from the fiction.</p>\n<p>The function of education, therefore, is to teach one to think intensively and to think critically. But education which stops with efficiency may prove the greatest menace to society. The most dangerous criminal may be the man gifted with reason, but with no morals.</p>\n<p>The late Eugene Talmadge, in my opinion, possessed one of the better minds of Georgia, or even America. Moreover, he wore the Phi Beta Kappa key. By all measuring rods, Mr. Talmadge could think critically and intensively; yet he contends that I am an inferior being. Are those the types of men we call educated?</p>\n<p>We must remember that intelligence is not enough. Intelligence plus character--that is the goal of true education. The complete education gives one not only power of concentration, but worthy objectives upon which to concentrate. The broad education will, therefore, transmit to one not only the accumulated knowledge of the race but also the accumulated experience of social living.</p>"},{"element":{"id":"b0770527-24d1-487e-ac8f-33dd2f189a22"},"value":5},{"element":{"id":"36ee20a2-00d2-4b77-8e2b-296f3eb7f2eb"},"value":[]},{"element":{"id":"ad53e978-c1e0-4d23-83a9-fc091705aad9"},"value":[{"id":"48bb1511-1d62-4006-b2e7-3024065b27b9"}]},{"element":{"id":"efead311-e906-4006-a7dc-1b4f9941a06c"},"value":[{"id":"6d26d61d-4923-4494-b635-d358fe59b267"},{"id":"5d08ab31-a3a8-4db9-841e-f11924d3e5a8"}]},{"element":{"id":"02b44473-0a1f-4ffc-ab35-2cd6dbfda2de"},"value":[{"id":"8be1f84e-95dd-4713-af30-86b4ecc41cd7"}]},{"element":{"id":"449c00ac-8e0e-4de5-8b20-dd473beba47e"},"value":[]},{"mode":"custom","element":{"id":"d0b7d732-40bd-43e4-a487-7b662374ae43"},"value":"easy-images"},{"element":{"id":"d01d5fea-d9ca-4f61-b121-a617b045fbc4"},"value":"Kontent.Statiq makes image management easy"},{"element":{"id":"cfdc576e-d7ea-471c-a6c3-db9c32740d82"},"value":"Kontent and Statiq handle images for your static website"},{"element":{"id":"77c4a9f2-4b0e-46a6-8a74-abdd5d2b3250"},"value":"static site, generator, images"},{"element":{"id":"aae119b9-ed63-41f1-a31a-ec6b7a8d6f47"},"value":""},{"element":{"id":"fc1684d2-311d-488b-9b53-0c424f8faad6"},"value":""},{"element":{"id":"b7d59d46-b466-456f-a1ec-8b92bd3dfb22"},"value":[{"renditions":[],"id":"71b06360-ef2b-406d-9c51-aac00d79848c"}]},{"element":{"id":"4a6fd1c4-bfd9-477c-b5b4-94dca5f6526e"},"value":[{"id":"c915b650-f84d-4128-8451-ebe40ec401a0"}]},{"element":{"id":"baa6a2e3-aa95-4c14-9546-973e771992c5"},"value":""},{"element":{"id":"166bb42a-52ed-48d2-957f-411619df3947"},"value":""},{"element":{"id":"81725870-07e2-4149-bb7a-6ee7e257017b"},"value":[{"renditions":[],"id":"71b06360-ef2b-406d-9c51-aac00d79848c"}]}],"workflow_step":{"id":"c199950d-99f0-4983-b711-6c4c91624b22"},"workflow":{"workflow_identifier":{"id":"00000000-0000-0000-0000-000000000000"},"step_identifier":{"id":"c199950d-99f0-4983-b711-6c4c91624b22"}},"item":{"id":"5807ba87-5c85-42e7-91fc-5490edfcc9bf"},"language":{"id":"00000000-0000-0000-0000-000000000000"},"last_modified":"2020-11-20T15:05:08.2138966Z"},{"elements":[{"element":{"id":"8b767642-59a3-4ade-a501-94e3d968ec9a"},"value":"London is that kind of place you must visit in this lifetime"},{"element":{"id":"990ae3cb-1d5f-4a91-8097-f95ccd940691"},"value":[{"renditions":[],"id":"58224b70-2434-461a-a264-1864de0a72e1"}]},{"display_timezone":null,"element":{"id":"dbd087d8-3c22-4b99-a00a-212dabb68dba"},"value":"2020-01-12T00:00:00Z"},{"components":[{"id":"b9ef302d-815c-49dc-9f89-f8752e69fc36","type":{"id":"97f77edc-41f8-4e01-a281-44dea544511f"},"elements":[{"components":[],"element":{"id":"46289876-58c4-4a43-94ff-35b33b9bc642"},"value":"<p>The Queen's Guard is the name given to the contingent of infantry responsible for guarding Buckingham Palace and St James's Palace (including Clarence House) in London. The guard is made up of a company of soldiers from a single regiment, which is split in two, providing a detachment for Buckingham Palace and a detachment for St James's Palace. Because the Sovereign's official residence is still St James's, the guard commander (called the captain of the guard) is based there, as are the regiment's colours.&nbsp;</p>"},{"element":{"id":"d4f8d1a9-1733-4d70-9ed2-6ad7ce7f5a45"},"value":""}]}],"element":{"id":"b8f8c14c-3a28-4757-8ddc-c1243f26f3c4"},"value":"<p>The Queen's Guard and Queen's Life Guard (called King's Guard and King's Life Guard when the reigning monarch is male) are the names given to contingents of infantry and cavalry soldiers charged with guarding the official royal residences in the United Kingdom. The British Army has regiments of both Horse Guards and Foot Guards predating the English Restoration (1660), and since the reign of King Charles II these regiments have been responsible for guarding the Sovereign's palaces. The Guards are fully operational soldiers.</p>\n<p>The Queen's Guard and Queen's Life Guard are mounted at the royal residences that come under the operating area of the British Army's London District, which is responsible for the administration of the Household Division. This covers Buckingham Palace, St James's Palace and the Tower of London, as well as Windsor Castle. The Queen's Guard is also mounted at the sovereign's other official residence, the Palace of Holyroodhouse, but not as often as in London. In Edinburgh, the guard is the responsibility of the resident infantry battalion at Redford Barracks. It is not mounted at the Queen's private residences at Sandringham or Balmoral.</p>\n<object type=\"application/kenticocloud\" data-type=\"component\" data-id=\"b9ef302d-815c-49dc-9f89-f8752e69fc36\"></object>\n<p>When the Sovereign is in residence, the Queen's Guard numbers three officers and forty other ranks, with four sentries each posted at Buckingham Palace (on the forecourt) and St James's Palace (two in Friary Court, two at the entrance to Clarence House).&nbsp;</p>\n<p>This reduces to three officers and 31 ORs, with two sentries each, when the Sovereign is not in residence. The Queen's Guard is not purely ceremonial in nature. They provide sentries during the day and night, and during the later hours, they patrol the grounds of the Palace.&nbsp;</p>\n<p>Until 1959, the sentries at Buckingham Palace were stationed outside the fence. This stopped following an incident involving a female tourist and a Coldstream Guardsman – due to the continued pestering by tourists and sightseers, the guardsman kicked the tourist on the ankle as he marched. The tourist made a complaint to the police and the sentry was confined to barracks for ten days. Not long after, the sentries were moved inside the fence.</p>"},{"element":{"id":"b0770527-24d1-487e-ac8f-33dd2f189a22"},"value":null},{"element":{"id":"36ee20a2-00d2-4b77-8e2b-296f3eb7f2eb"},"value":[]},{"element":{"id":"ad53e978-c1e0-4d23-83a9-fc091705aad9"},"value":[]},{"element":{"id":"efead311-e906-4006-a7dc-1b4f9941a06c"},"value":[{"id":"5d08ab31-a3a8-4db9-841e-f11924d3e5a8"}]},{"element":{"id":"02b44473-0a1f-4ffc-ab35-2cd6dbfda2de"},"value":[{"id":"ac68b4d0-2db5-4872-938f-47ca11852bc3"}]},{"element":{"id":"449c00ac-8e0e-4de5-8b20-dd473beba47e"},"value":[]},{"mode":"custom","element":{"id":"d0b7d732-40bd-43e4-a487-7b662374ae43"},"value":"london"},{"element":{"id":"d01d5fea-d9ca-4f61-b121-a617b045fbc4"},"value":"Visit London"},{"element":{"id":"cfdc576e-d7ea-471c-a6c3-db9c32740d82"},"value":"London is that kind of place you must visit in this lifetime"},{"element":{"id":"77c4a9f2-4b0e-46a6-8a74-abdd5d2b3250"},"value":""},{"element":{"id":"aae119b9-ed63-41f1-a31a-ec6b7a8d6f47"},"value":""},{"element":{"id":"fc1684d2-311d-488b-9b53-0c424f8faad6"},"value":""},{"element":{"id":"b7d59d46-b466-456f-a1ec-8b92bd3dfb22"},"value":[{"renditions":[],"id":"58224b70-2434-461a-a264-1864de0a72e1"}]},{"element":{"id":"4a6fd1c4-bfd9-477c-b5b4-94dca5f6526e"},"value":[{"id":"c915b650-f84d-4128-8451-ebe40ec401a0"}]},{"element":{"id":"baa6a2e3-aa95-4c14-9546-973e771992c5"},"value":""},{"element":{"id":"166bb42a-52ed-48d2-957f-411619df3947"},"value":""},{"element":{"id":"81725870-07e2-4149-bb7a-6ee7e257017b"},"value":[{"renditions":[],"id":"58224b70-2434-461a-a264-1864de0a72e1"}]}],"workflow_step":{"id":"c199950d-99f0-4983-b711-6c4c91624b22"},"workflow":{"workflow_identifier":{"id":"00000000-0000-0000-0000-000000000000"},"step_identifier":{"id":"c199950d-99f0-4983-b711-6c4c91624b22"}},"item":{"id":"1fa0747d-c129-4b45-864a-41f1c6b5dd67"},"language":{"id":"00000000-0000-0000-0000-000000000000"},"last_modified":"2020-11-20T15:08:37.8309937Z"},{"elements":[{"element":{"id":"8b767642-59a3-4ade-a501-94e3d968ec9a"},"value":"One day we just started our adventure"},{"element":{"id":"990ae3cb-1d5f-4a91-8097-f95ccd940691"},"value":[{"renditions":[],"id":"14c4e9db-13df-4256-9e84-d8bd920096b9"}]},{"display_timezone":null,"element":{"id":"dbd087d8-3c22-4b99-a00a-212dabb68dba"},"value":"2020-01-12T00:00:00Z"},{"components":[{"id":"ba680bad-d0f2-43d2-ab5d-514fa18f6852","type":{"id":"97f77edc-41f8-4e01-a281-44dea544511f"},"elements":[{"components":[],"element":{"id":"46289876-58c4-4a43-94ff-35b33b9bc642"},"value":"<p>It would seem the claim could also extend to die cut books in general, as we can’t find anything sooner, but do let us know in the comments if you have further light to shed on this! Such books are, of course, still popular in children’s publishing today, though the die cutting is not now limited to mere outlines, as evidenced in a beautiful 2014 version of the same Little Red Riding Hood story.&nbsp;</p>"},{"element":{"id":"d4f8d1a9-1733-4d70-9ed2-6ad7ce7f5a45"},"value":""}]}],"element":{"id":"b8f8c14c-3a28-4757-8ddc-c1243f26f3c4"},"value":"<p>The die cut has also been employed in the non-juvenile sphere as well, a recent example being Jonathan Safran Foer’s ambitious Tree of Codes.&nbsp;</p>\n<p>As for this particular rendition of Charles Perrault’s classic tale, the text and design is by Lydia Very (1823-1901), sister of Transcendentalist poet Jones Very. The gruesome ending of the original - which sees Little Red Riding Hood being gobbled up as well as her grandmother - is avoided here, the gore giving way to the less bloody aims of the morality tale, and the lesson that one should not disobey one’s mother.</p>\n<object type=\"application/kenticocloud\" data-type=\"component\" data-id=\"ba680bad-d0f2-43d2-ab5d-514fa18f6852\"></object>\n<p><br/></p>\n<p>The first mass-produced book to deviate from a rectilinear format, at least in the United States, is thought to be this 1863 edition of Red Riding Hood, cut into the shape of the protagonist herself with the troublesome wolf curled at her feet.&nbsp;</p>\n<p>Produced by the Boston-based publisher Louis Prang, this is the first in their “Doll Series”, a set of five “die-cut” books, known also as shape books — the other titles being Robinson Crusoe, Goody Two-Shoes (also written by Red Riding Hood author Lydia Very), Cinderella, and King Winter.&nbsp;</p>\n<p>An 1868 Prang catalogue would later claim that such “books in the shape of a regular paper Doll... originated with us”.&nbsp;</p>"},{"element":{"id":"b0770527-24d1-487e-ac8f-33dd2f189a22"},"value":null},{"element":{"id":"36ee20a2-00d2-4b77-8e2b-296f3eb7f2eb"},"value":[]},{"element":{"id":"ad53e978-c1e0-4d23-83a9-fc091705aad9"},"value":[]},{"element":{"id":"efead311-e906-4006-a7dc-1b4f9941a06c"},"value":[{"id":"5d08ab31-a3a8-4db9-841e-f11924d3e5a8"}]},{"element":{"id":"02b44473-0a1f-4ffc-ab35-2cd6dbfda2de"},"value":[{"id":"8be1f84e-95dd-4713-af30-86b4ecc41cd7"}]},{"element":{"id":"449c00ac-8e0e-4de5-8b20-dd473beba47e"},"value":[]},{"mode":"custom","element":{"id":"d0b7d732-40bd-43e4-a487-7b662374ae43"},"value":"one-day-just-started-adventure"},{"element":{"id":"d01d5fea-d9ca-4f61-b121-a617b045fbc4"},"value":"One day we just started our adventure"},{"element":{"id":"cfdc576e-d7ea-471c-a6c3-db9c32740d82"},"value":"Don't wait, go for it!"},{"element":{"id":"77c4a9f2-4b0e-46a6-8a74-abdd5d2b3250"},"value":""},{"element":{"id":"aae119b9-ed63-41f1-a31a-ec6b7a8d6f47"},"value":""},{"element":{"id":"fc1684d2-311d-488b-9b53-0c424f8faad6"},"value":""},{"element":{"id":"b7d59d46-b466-456f-a1ec-8b92bd3dfb22"},"value":[]},{"element":{"id":"4a6fd1c4-bfd9-477c-b5b4-94dca5f6526e"},"value":[{"id":"c915b650-f84d-4128-8451-ebe40ec401a0"}]},{"element":{"id":"baa6a2e3-aa95-4c14-9546-973e771992c5"},"value":""},{"element":{"id":"166bb42a-52ed-48d2-957f-411619df3947"},"value":""},{"element":{"id":"81725870-07e2-4149-bb7a-6ee7e257017b"},"value":[]}],"workflow_step":{"id":"c199950d-99f0-4983-b711-6c4c91624b22"},"workflow":{"workflow_identifier":{"id":"00000000-0000-0000-0000-000000000000"},"step_identifier":{"id":"c199950d-99f0-4983-b711-6c4c91624b22"}},"item":{"id":"dd8eecd8-10fe-4f4f-bf05-f14ee4a9accd"},"language":{"id":"00000000-0000-0000-0000-000000000000"},"last_modified":"2020-11-20T15:11:29.6497283Z"},{"elements":[{"element":{"id":"8b767642-59a3-4ade-a501-94e3d968ec9a"},"value":"Much more than a desert: A trip into the Sahara"},{"element":{"id":"990ae3cb-1d5f-4a91-8097-f95ccd940691"},"value":[{"renditions":[],"id":"40ba36c8-e92f-44a6-aaf9-ff411bc38c76"}]},{"display_timezone":null,"element":{"id":"dbd087d8-3c22-4b99-a00a-212dabb68dba"},"value":"2020-02-01T00:00:00Z"},{"components":[{"id":"b3f36700-5110-42b4-9d7c-64be70a258a7","type":{"id":"97f77edc-41f8-4e01-a281-44dea544511f"},"elements":[{"components":[],"element":{"id":"46289876-58c4-4a43-94ff-35b33b9bc642"},"value":"<p>The name 'Sahara' is derived from a dialectal Arabic word for \"desert\", ṣaḥra (صحرا /ˈsˤaħra/).</p>"},{"element":{"id":"d4f8d1a9-1733-4d70-9ed2-6ad7ce7f5a45"},"value":""}]}],"element":{"id":"b8f8c14c-3a28-4757-8ddc-c1243f26f3c4"},"value":"<h2>Introduction</h2>\n<p>The Sahara is a desert located on the African continent. It is the largest hot desert in the world, and the third largest desert overall after Antarctica and the Arctic. Its area of 9,200,000 square kilometres (3,600,000 sq mi) is comparable to the area of China or the United States.&nbsp;</p>\n<object type=\"application/kenticocloud\" data-type=\"component\" data-id=\"b3f36700-5110-42b4-9d7c-64be70a258a7\"></object>\n<h2>Landscape</h2>\n<p>The desert comprises much of North Africa, excluding the fertile region on the Mediterranean Sea coast, the Atlas Mountains of the Maghreb, and the Nile Valley in Egypt and Sudan. It stretches from the Red Sea in the east and the Mediterranean in the north to the Atlantic Ocean in the west, where the landscape gradually changes from desert to coastal plains.&nbsp;</p>\n<h3>Regions</h3>\n<p>To the south, it is bounded by the Sahel, a belt of <em>semi-arid tropical savanna</em> around the Niger River valley and the Sudan Region of Sub-Saharan Africa. The Sahara can be divided into several regions including: the western Sahara, the central Ahaggar Mountains, the Tibesti Mountains, the Aïr Mountains, the Ténéré desert, and the Libyan Desert.</p>\n<h3>History</h3>\n<p>For several hundred thousand years, the Sahara has alternated between desert and savanna grassland in a 20,000 year cycle caused by the precession of the Earth's axis as it rotates around the Sun, which changes the location of the North African Monsoon. The area is next expected to become green in about 15,000 years (17,000 AD).</p>"},{"element":{"id":"b0770527-24d1-487e-ac8f-33dd2f189a22"},"value":null},{"element":{"id":"36ee20a2-00d2-4b77-8e2b-296f3eb7f2eb"},"value":[{"id":"31e77284-60e9-4da6-b9f9-79e3d06c8086"}]},{"element":{"id":"ad53e978-c1e0-4d23-83a9-fc091705aad9"},"value":[]},{"element":{"id":"efead311-e906-4006-a7dc-1b4f9941a06c"},"value":[{"id":"5d08ab31-a3a8-4db9-841e-f11924d3e5a8"}]},{"element":{"id":"02b44473-0a1f-4ffc-ab35-2cd6dbfda2de"},"value":[{"id":"ac68b4d0-2db5-4872-938f-47ca11852bc3"}]},{"element":{"id":"449c00ac-8e0e-4de5-8b20-dd473beba47e"},"value":[{"id":"dd8eecd8-10fe-4f4f-bf05-f14ee4a9accd"},{"id":"1fa0747d-c129-4b45-864a-41f1c6b5dd67"},{"id":"b63ea74d-ca51-4f0b-a490-ef3204902498"}]},{"mode":"custom","element":{"id":"d0b7d732-40bd-43e4-a487-7b662374ae43"},"value":"much-more-than-a-desert-a-trip-to-sahara"},{"element":{"id":"d01d5fea-d9ca-4f61-b121-a617b045fbc4"},"value":"Much more than a desert: A trip into the Sahara"},{"element":{"id":"cfdc576e-d7ea-471c-a6c3-db9c32740d82"},"value":"It's not just sand and heat; there's a world of hidden treasures, yours to discover"},{"element":{"id":"77c4a9f2-4b0e-46a6-8a74-abdd5d2b3250"},"value":""},{"element":{"id":"aae119b9-ed63-41f1-a31a-ec6b7a8d6f47"},"value":""},{"element":{"id":"fc1684d2-311d-488b-9b53-0c424f8faad6"},"value":""},{"element":{"id":"b7d59d46-b466-456f-a1ec-8b92bd3dfb22"},"value":[]},{"element":{"id":"4a6fd1c4-bfd9-477c-b5b4-94dca5f6526e"},"value":[]},{"element":{"id":"baa6a2e3-aa95-4c14-9546-973e771992c5"},"value":""},{"element":{"id":"166bb42a-52ed-48d2-957f-411619df3947"},"value":""},{"element":{"id":"81725870-07e2-4149-bb7a-6ee7e257017b"},"value":[]}],"workflow_step":{"id":"c199950d-99f0-4983-b711-6c4c91624b22"},"workflow":{"workflow_identifier":{"id":"00000000-0000-0000-0000-000000000000"},"step_identifier":{"id":"c199950d-99f0-4983-b711-6c4c91624b22"}},"item":{"id":"949a26bd-85ac-48bb-b2cc-98daef7fe7eb"},"language":{"id":"00000000-0000-0000-0000-000000000000"},"last_modified":"2020-12-04T07:39:59.4488816Z"},{"elements":[{"element":{"id":"8b767642-59a3-4ade-a501-94e3d968ec9a"},"value":"Les Ambassadeurs, the first Restaurant we Visited in Paris"},{"element":{"id":"990ae3cb-1d5f-4a91-8097-f95ccd940691"},"value":[{"renditions":[],"id":"29295fe8-bc49-49c9-b1b1-3cf8ba52fda8"}]},{"display_timezone":null,"element":{"id":"dbd087d8-3c22-4b99-a00a-212dabb68dba"},"value":"2020-02-02T00:00:00Z"},{"components":[{"id":"70e7d5f9-643c-4c86-86a0-8297dfec519b","type":{"id":"97f77edc-41f8-4e01-a281-44dea544511f"},"elements":[{"components":[],"element":{"id":"46289876-58c4-4a43-94ff-35b33b9bc642"},"value":"<p>It was decorated in an 18th-century rococo style, redesigned by Sybille de Margérie with furnishings by Sonia Rykiel.</p>"},{"element":{"id":"d4f8d1a9-1733-4d70-9ed2-6ad7ce7f5a45"},"value":""}]}],"element":{"id":"b8f8c14c-3a28-4757-8ddc-c1243f26f3c4"},"value":"<p>Within the Hôtel de Crillon, which was built in 1758, Les Ambassadeurs operated as a restaurant since the mid-19th century. It reached its peak of fame as a restaurant and nightclub (a café-concert) in the last three decades of the 19th century.&nbsp;</p>\n<p>Always a center of entertainment for the aristocracy, in the 1870s it also became a regular destination of some of the best known figures of art and the demi-monde. Edgar Degas and Henri de Toulouse-Lautrec portrayed visitors at the night club, and Aristide Bruant performed there.</p>\n<object type=\"application/kenticocloud\" data-type=\"component\" data-id=\"70e7d5f9-643c-4c86-86a0-8297dfec519b\"></object>\n<p>Following a renovation of the hotel in 1981–85, the restaurant occupied a former private ballroom with windows looking out on the Place de la Concorde, a few hundred meters from the Palais Garnier.&nbsp;</p>\n<p>Les Ambassadeurs had two Michelin stars. In the last decade of its operation, chef was Dominique Bouchet &nbsp;followed by Jean-François Piège and finally when the hotel closed in 2013 for an extended renovation, Christopher Hache.</p>\n<p>In 2017 Hache opened a smaller restaurant, L'Écrin, within the renovated hotel; the former space of Les Ambassadeurs became a bar.</p>"},{"element":{"id":"b0770527-24d1-487e-ac8f-33dd2f189a22"},"value":4.5},{"element":{"id":"36ee20a2-00d2-4b77-8e2b-296f3eb7f2eb"},"value":[]},{"element":{"id":"ad53e978-c1e0-4d23-83a9-fc091705aad9"},"value":[{"id":"48bb1511-1d62-4006-b2e7-3024065b27b9"}]},{"element":{"id":"efead311-e906-4006-a7dc-1b4f9941a06c"},"value":[{"id":"6d26d61d-4923-4494-b635-d358fe59b267"}]},{"element":{"id":"02b44473-0a1f-4ffc-ab35-2cd6dbfda2de"},"value":[{"id":"8be1f84e-95dd-4713-af30-86b4ecc41cd7"}]},{"element":{"id":"449c00ac-8e0e-4de5-8b20-dd473beba47e"},"value":[{"id":"a20f689f-6156-46ec-a27a-50f74052347e"},{"id":"1fa0747d-c129-4b45-864a-41f1c6b5dd67"},{"id":"b63ea74d-ca51-4f0b-a490-ef3204902498"}]},{"mode":"autogenerated","element":{"id":"d0b7d732-40bd-43e4-a487-7b662374ae43"},"value":"les-ambassadeurs"},{"element":{"id":"d01d5fea-d9ca-4f61-b121-a617b045fbc4"},"value":"Les Ambassadeurs"},{"element":{"id":"cfdc576e-d7ea-471c-a6c3-db9c32740d82"},"value":"The first restaurant we visited in Paris"},{"element":{"id":"77c4a9f2-4b0e-46a6-8a74-abdd5d2b3250"},"value":""},{"element":{"id":"aae119b9-ed63-41f1-a31a-ec6b7a8d6f47"},"value":""},{"element":{"id":"fc1684d2-311d-488b-9b53-0c424f8faad6"},"value":""},{"element":{"id":"b7d59d46-b466-456f-a1ec-8b92bd3dfb22"},"value":[]},{"element":{"id":"4a6fd1c4-bfd9-477c-b5b4-94dca5f6526e"},"value":[]},{"element":{"id":"baa6a2e3-aa95-4c14-9546-973e771992c5"},"value":""},{"element":{"id":"166bb42a-52ed-48d2-957f-411619df3947"},"value":""},{"element":{"id":"81725870-07e2-4149-bb7a-6ee7e257017b"},"value":[]}],"workflow_step":{"id":"c199950d-99f0-4983-b711-6c4c91624b22"},"workflow":{"workflow_identifier":{"id":"00000000-0000-0000-0000-000000000000"},"step_identifier":{"id":"c199950d-99f0-4983-b711-6c4c91624b22"}},"item":{"id":"3de4719b-0716-4d90-8910-9f0eb9da8f8e"},"language":{"id":"00000000-0000-0000-0000-000000000000"},"last_modified":"2020-11-20T15:19:14.693237Z"},{"elements":[{"components":[],"element":{"id":"d426f958-15b0-4a05-b5e9-51665bb74765"},"value":"<p><br/></p>"},{"mode":"custom","element":{"id":"6bb79440-13e4-4cca-bfca-93fec20c8743"},"value":"/"},{"element":{"id":"d01d5fea-d9ca-4f61-b121-a617b045fbc4"},"value":"Memoirs"},{"element":{"id":"cfdc576e-d7ea-471c-a6c3-db9c32740d82"},"value":"I will take you on the fabulous world of exploration. Travel, culture, lifestyle. Eat, Pray, Love!"},{"element":{"id":"77c4a9f2-4b0e-46a6-8a74-abdd5d2b3250"},"value":"Travel, Culture, Lifestyle."},{"element":{"id":"aae119b9-ed63-41f1-a31a-ec6b7a8d6f47"},"value":""},{"element":{"id":"fc1684d2-311d-488b-9b53-0c424f8faad6"},"value":""},{"element":{"id":"b7d59d46-b466-456f-a1ec-8b92bd3dfb22"},"value":[{"renditions":[],"id":"29295fe8-bc49-49c9-b1b1-3cf8ba52fda8"}]},{"element":{"id":"4a6fd1c4-bfd9-477c-b5b4-94dca5f6526e"},"value":[{"id":"c915b650-f84d-4128-8451-ebe40ec401a0"}]},{"element":{"id":"baa6a2e3-aa95-4c14-9546-973e771992c5"},"value":"@alanta"},{"element":{"id":"166bb42a-52ed-48d2-957f-411619df3947"},"value":"@marnixvanvalen"},{"element":{"id":"81725870-07e2-4149-bb7a-6ee7e257017b"},"value":[{"renditions":[],"id":"29295fe8-bc49-49c9-b1b1-3cf8ba52fda8"}]}],"workflow_step":{"id":"c199950d-99f0-4983-b711-6c4c91624b22"},"workflow":{"workflow_identifier":{"id":"00000000-0000-0000-0000-000000000000"},"step_identifier":{"id":"c199950d-99f0-4983-b711-6c4c91624b22"}},"item":{"id":"061ebbf7-b4f6-47ba-bde2-dca880a7db6a"},"language":{"id":"00000000-0000-0000-0000-000000000000"},"last_modified":"2020-11-22T21:59:20.7595837Z"}]