[{"last_modified":"2020-11-09T19:53:48.2854657Z","id":"626f59d4-85f7-4a05-a851-565eb1710d87","name":"Categories","codename":"categories","terms":[{"id":"6d26d61d-4923-4494-b635-d358fe59b267","name":"Lifestyle","codename":"lifestyle","terms":[]},{"id":"5d08ab31-a3a8-4db9-841e-f11924d3e5a8","name":"Travel","codename":"travel","terms":[]}]},{"last_modified":"2020-11-09T19:55:32.267Z","id":"bb55ca53-a9d9-4820-a794-100be9a3a789","name":"Tags","codename":"tags","terms":[{"id":"eaf35892-f2f2-4778-803f-831225e5545a","name":"Movies","codename":"movies","terms":[]},{"id":"48bb1511-1d62-4006-b2e7-3024065b27b9","name":"France","codename":"france","terms":[]}]}]